unique.ID,lat,lon,site,date,plant.capture,ClusterIndex,FamilyID,bee.tag,year,species
sra.260.2015,4371920.217,734790.6558,JM05,6/27/15,In Flight,1,s,Y50,2015,vosnesenskii
sra.16.2015,4371596.787,734610.8969,JM06,6/13/15,Penstemon rydbergii,2,2,G42,2015,vosnesenskii
sra.96.2015,4371629.904,735040.1672,JM04,6/18/15,Phacelia hydrophylloides,2,2,G88,2015,vosnesenskii
sra.112.2015,4371399.953,734527.9738,JM01,6/19/15,Penstemon rydbergii,2,2,Y8,2015,vosnesenskii
sra.127.2015,4371803.011,734581.9177,JM07,6/22/15,Ivesia sericoleuca,2,2,Y22,2015,vosnesenskii
sra.283.2015,4371627.602,734502.0517,JMX,6/29/15,Phacelia hydrophylloides,2,2,Y59,2015,vosnesenskii
sra.291.2015,4371386.797,734875.0291,JMY,6/29/15,Phacelia hydrophylloides,2,2,Y66,2015,vosnesenskii
sra.107.2015,4371929.963,734767.6247,JM05,6/19/15,Phacelia hydrophylloides,3,3,Y1,2015,vosnesenskii
sra.259.2015,4371920.118,734772.7458,JM05,6/27/15,Phacelia hydrophylloides,3,3,Y49,2015,vosnesenskii
sra.82.2015,4371449.789,734742.8123,JM02,6/17/15,Penstemon rydbergii,4,4,G74,2015,vosnesenskii
sra.98.2015,4371600.802,735036.7436,JM04,6/18/15,Phacelia hydrophylloides,4,4,G92,2015,vosnesenskii
sra.42.2015,4371483.83,734685.5417,JM02,6/17/15,Penstemon rydbergii,5,5,G61,2015,vosnesenskii
sra.212.2015,4371658.619,735071.0758,JM04,6/26/15,Phacelia hydrophylloides,5,5,Y45,2015,vosnesenskii
sra.15.2015,4371576.936,734615.804,JM06,6/13/15,Penstemon rydbergii,6,6,G40,2015,vosnesenskii
sra.89.2015,4371653.68,735062.0965,JM04,6/18/15,Phacelia hydrophylloides,6,6,G82,2015,vosnesenskii
sra.151.2015,4371657.18,734528.5437,JMX,6/23/15,Phacelia hydrophylloides,6,6,Y24,2015,vosnesenskii
sra.12.2015,4371593.863,734620.7174,JM06,6/13/15,Penstemon rydbergii,7,7,G37,2015,vosnesenskii
sra.28.2015,4371512.618,734329.7513,JM10,6/14/15,Penstemon rydbergii,7,7,G48,2015,vosnesenskii
sra.100.2015,4371610.336,735054.3682,JM04,6/18/15,Phacelia hydrophylloides,7,7,G90,2015,vosnesenskii
sra.118.2015,4371350.065,734568.3264,JM01,6/19/15,Penstemon rydbergii,7,7,Y13,2015,vosnesenskii
sra.124.2015,4371849.827,734579.5531,JM07,6/22/15,Ivesia sericoleuca,7,7,Y19,2015,vosnesenskii
sra.148.2015,4371602.933,734472.5689,JMX,6/23/15,Phacelia hydrophylloides,7,7,Y27,2015,vosnesenskii
sra.153.2015,4371564.13,734519.3885,JMX,6/23/15,Ribes sp.,7,7,Y29,2015,vosnesenskii
sra.198.2015,4371641.725,735063.5788,JM04,6/26/15,Phacelia hydrophylloides,7,7,no tag,2015,vosnesenskii
sra.292.2015,4371394.505,734865.4079,JMY,6/29/15,Phacelia hydrophylloides,7,7,Y68,2015,vosnesenskii
sra.54.2015,4371358.852,734528.2702,JM01,6/11/15,Penstemon rydbergii,8,8,G6,2015,vosnesenskii
sra.85.2015,4371473.37,734677.6765,JM02,6/17/15,Penstemon rydbergii,8,8,G80,2015,vosnesenskii
sra.80b.2015,4371427.619,734850.8825,JMY,6/29/15,Phacelia hydrophylloides,8,8,Y82,2015,vosnesenskii
sra.ind03.2015,4370667.917,732907.8292,IN,6/12/15,Lupinus breweri,8,8,NA,2015,vosnesenskii
sra.ind11.2015,4370701.178,732879.6123,IN,6/12/15,Penstemon rydbergii,8,8,NA,2015,vosnesenskii
sra.80.2015,4371442.022,734757.8611,JM02,6/17/15,Penstemon rydbergii,10,10,G76,2015,vosnesenskii
sra.115.2015,4371405.867,734528.8284,JM01,6/19/15,Penstemon rydbergii,10,10,Y10,2015,vosnesenskii
sra.150.2015,4371570.338,734485.8706,JMX,6/23/15,Phacelia hydrophylloides,10,10,Y26,2015,vosnesenskii
sra.338.2015,4371901.061,734796.4895,JM05,7/14/15,Monardella odoratissima,11,s,W29,2015,vosnesenskii
sra.11.2015,4371592.533,734657.5324,JM06,6/13/15,Penstemon rydbergii,12,12,G35,2015,vosnesenskii
sra.53.2015,4371378.439,734529.3138,JM01,6/11/15,Penstemon rydbergii,12,12,G7,2015,vosnesenskii
sra.278.2015,4371586.8,734475.4683,JMX,6/29/15,Phacelia hydrophylloides,12,12,Y57,2015,vosnesenskii
sra.295.2015,4371407.109,734845.0446,JMY,6/29/15,Phacelia hydrophylloides,12,12,Y72,2015,vosnesenskii
sra.284.2015,4371579.602,734542.3458,JMX,6/29/15,Phacelia hydrophylloides,13,s,Y61,2015,vosnesenskii
sra.110.2015,4371333.429,734514.2257,JM01,6/19/15,Penstemon rydbergii,14,14,Y4,2015,vosnesenskii
sra.122.2015,4371819.416,734565.9193,JM07,6/22/15,Penstemon rydbergii,14,14,Y16,2015,vosnesenskii
sra.93.2015,4371638.865,735086.4882,JM04,6/18/15,Phacelia hydrophylloides,15,s,G84,2015,vosnesenskii
sra.215.2015,4371650.092,735057.3824,JM04,6/26/15,Phacelia hydrophylloides,16,16,Y47,2015,vosnesenskii
sra.81b.2015,4371428.843,734850.9316,JMY,6/29/15,Phacelia hydrophylloides,16,16,Y85,2015,vosnesenskii
sra.201.2015,4371628.633,735053.2104,JM04,6/26/15,Phacelia hydrophylloides,17,s,no tag,2015,vosnesenskii
sra.57.2015,4371386.685,734522.777,JM01,6/11/15,Penstemon rydbergii,18,18,G8,2015,vosnesenskii
sra.113.2015,4371332.003,734558.8823,JM01,6/19/15,Penstemon rydbergii,18,18,Y7,2015,vosnesenskii
sra.213.2015,4371658.898,735072.9621,JM04,6/26/15,Phacelia hydrophylloides,19,19,Y43,2015,vosnesenskii
sra.317.2015,4371622.686,735036.5966,JM04,7/12/15,Monardella odoratissima,19,19,W8,2015,vosnesenskii
sra.323.2015,4371592.957,735078.4933,JM04,7/12/15,Monardella odoratissima,19,19,W11,2015,vosnesenskii
sra.324.2015,4371593.869,735079.2408,JM04,7/12/15,Monardella odoratissima,19,19,W14,2015,vosnesenskii
sra.93b.2015,4371660.399,735085.835,JM04,7/12/15,Monardella odoratissima,19,19,W4,2015,vosnesenskii
sra.199.2015,4371641.651,735064.7867,JM04,6/26/15,Phacelia hydrophylloides,20,20,Y33,2015,vosnesenskii
sra.85b.2015,4371136.633,734696.8301,JM03,7/11/15,Symphyotrichum sp.,20,20,Y90,2015,vosnesenskii
sra.391.2015,4371464.33,734753.3959,JM02,7/22/15,Eurybia integrifolia,20,20,W53,2015,vosnesenskii
sra.78.2015,4371446.532,734745.3225,JM02,6/17/15,Penstemon rydbergii,21,21,G71,2015,vosnesenskii
sra.94.2015,4371620.657,735094.2751,JM04,6/18/15,Phacelia hydrophylloides,21,21,G86,2015,vosnesenskii
sra.105.2015,4371607.867,735035.2374,JM04,6/18/15,Phacelia hydrophylloides,21,21,G98,2015,vosnesenskii
sra.306.2015,4371165.42,734700.8679,JM03,7/11/15,Symphyotrichum sp.,21,21,Y96,2015,vosnesenskii
sra.307.2015,4371179.08,734752.0451,JM03,7/11/15,Eurybia integrifolia,21,21,Y98,2015,vosnesenskii
sra.sh22.2015,4368367.248,735522.932,SH,7/5/15,Symphyotrichum sp.,21,21,NA,2015,vosnesenskii
sra.sh30.2015,4368368.465,735541.0749,SH,7/5/15,Symphyotrichum sp.,21,21,NA,2015,vosnesenskii
sra.92.2015,4371639.568,735080.3522,JM04,6/18/15,Phacelia hydrophylloides,22,s,G83,2015,vosnesenskii
sra.97.2015,4371628.77,735043.0435,JM04,6/18/15,Phacelia hydrophylloides,23,s,G93,2015,vosnesenskii
sra.102.2015,4371635.165,735078.0743,JM04,6/18/15,Phacelia hydrophylloides,24,24,G94,2015,vosnesenskii
sra.325.2015,4371594.644,735086.4517,JM04,7/12/15,Monardella odoratissima,24,24,W9,2015,vosnesenskii
sra.360.2015,4371581.697,735084.5191,JM04,7/20/15,Monardella odoratissima,24,24,W46,2015,vosnesenskii
sra.375.2015,4371346.365,734556.2085,JM01,7/20/15,Symphyotrichum sp.,24,24,W50,2015,vosnesenskii
sra.387.2015,4371363.643,734473.6073,JM01,7/20/15,Symphyotrichum sp.,24,24,W51,2015,vosnesenskii
sra.334.2015,4371409.02,734728.3722,JM02,7/13/15,Symphyotrichum sp.,25,s,W25,2015,vosnesenskii
sra.25.2015,4371584.035,734339.9937,JM10,6/14/15,Penstemon rydbergii,26,26,G44,2015,vosnesenskii
sra.90.2015,4371656.984,735072.1589,JM04,6/18/15,Phacelia hydrophylloides,26,26,G87,2015,vosnesenskii
sra.282.2015,4371579.223,734537.1899,JMX,6/29/15,Phacelia hydrophylloides,26,26,Y56,2015,vosnesenskii
sra.288.2015,4371715.24,734512.2319,JMX,6/29/15,Phacelia hydrophylloides,26,26,Y63,2015,vosnesenskii
sra.125.2015,4371849.679,734571.0317,JM07,6/22/15,Ivesia sericoleuca,27,s,Y20,2015,vosnesenskii
sra.219.2015,4371635.835,735063.499,JM04,6/26/15,Phacelia hydrophylloides,28,s,Y48,2015,vosnesenskii
sra.91.2015,4371658.713,735074.1734,JM04,6/18/15,Phacelia hydrophylloides,29,29,G85,2015,vosnesenskii
sra.116.2015,4371412.398,734539.052,JM01,6/19/15,Penstemon rydbergii,29,29,Y11,2015,vosnesenskii
sra.ind15.2015,4370698.948,732879.3348,IN,6/13/15,Penstemon rydbergii,29,29,NA,2015,vosnesenskii
sra.108.2015,4371905.757,734779.1231,JM05,6/19/15,Phacelia hydrophylloides,30,30,Y3,2015,vosnesenskii
sra.sh16vos.2015,4368293.577,735621.4969,SH,6/20/15,Penstemon rydbergii,30,30,NA,2015,vosnesenskii
sra.200.2015,4371641.31,735064.5387,JM04,6/26/15,Phacelia hydrophylloides,31,s,Y30,2015,vosnesenskii
sra.49.2015,4371457.049,734740.4393,JM02,6/17/15,Penstemon rydbergii,32,32,G73,2015,vosnesenskii
sra.84.2015,4371461.241,734673.393,JM02,6/17/15,Penstemon rydbergii,32,32,G77,2015,vosnesenskii
sra.210.2015,4371611.948,735081.879,JM04,6/26/15,Phacelia hydrophylloides,32,32,Y37,2015,vosnesenskii
sra.333.2015,4371441.002,734709.4895,JM02,7/13/15,Symphyotrichum sp.,33,s,W24,2015,vosnesenskii
sra.197.2015,4371642.465,735062.3506,JM04,6/26/15,Phacelia hydrophylloides,34,34,Y31,2015,vosnesenskii
sra.ind12.2015,4370694.353,732885.4159,IN,6/12/15,Lupinus breweri,34,34,NA,2015,vosnesenskii
sra.106.2015,4371628.41,735042.1933,JM04,6/18/15,Phacelia hydrophylloides,35,s,G99,2015,vosnesenskii
sra.149.2015,4371688.873,734503.7286,JMX,6/23/15,Phacelia hydrophylloides,36,s,Y25,2015,vosnesenskii
sra.121.2015,4371374.948,734505.7349,JM01,6/19/15,Penstemon rydbergii,37,s,Y14,2015,vosnesenskii
sra.329.2015,4371862.495,734535.5927,JM07,7/13/15,Symphyotrichum sp.,38,38,W15,2015,vosnesenskii
sra.331.2015,4371851.763,734540.7403,JM07,7/13/15,Symphyotrichum sp.,38,38,W21,2015,vosnesenskii
sra.342.2015,4371904.285,734811.2044,JM05,7/14/15,Monardella odoratissima,38,38,W33,2015,vosnesenskii
sra.414.2015,4371859.253,734586.3298,JM07,7/22/15,Unknown yellow composite,38,38,W69,2015,vosnesenskii
sra.415.2015,4371862.525,734587.953,JM07,7/22/15,Eurybia integrifolia,38,38,W70,2015,vosnesenskii
sra.104.2015,4371603.981,735071.958,JM04,6/18/15,Phacelia hydrophylloides,39,s,G97,2015,vosnesenskii
sra.218.2015,4371640.873,735061.107,JM04,6/26/15,Phacelia hydrophylloides,40,40,Y41,2015,vosnesenskii
sra.319.2015,4371614.736,735056.5601,JM04,7/12/15,Monardella odoratissima,40,40,W10,2015,vosnesenskii
sra.339.2015,4371931.759,734797.5401,JM05,7/14/15,Phacelia hydrophylloides,40,40,W30,2015,vosnesenskii
sra.358.2015,4371625.501,735041.5065,JM04,7/20/15,Monardella odoratissima,40,40,W45,2015,vosnesenskii
sra.114.2015,4371328.876,734551.0534,JM01,6/19/15,Penstemon rydbergii,41,s,Y5,2015,vosnesenskii
sra.304.2015,4371177.726,734703.6819,JM03,7/11/15,Symphyotrichum sp.,42,42,T91,2015,vosnesenskii
sra.326.2015,4371331.081,734499.0524,JM01,7/12/15,Symphyotrichum sp.,42,42,no tag,2015,vosnesenskii
sra.335.2015,4371453.188,734722.9867,JM02,7/13/15,Symphyotrichum sp.,43,s,W26,2015,vosnesenskii
sra.269.2015,4371813.051,734564.9064,JM07,6/27/15,Ivesia sericoleuca,44,44,no tag,2015,vosnesenskii
sra.322.2015,4371603.509,735074.7284,JM04,7/12/15,Phacelia hydrophylloides,44,44,no tag,2015,vosnesenskii
sra.347.2015,4371914.655,734805.1202,JM05,7/14/15,Eriogonum nudum,44,44,W38,2015,vosnesenskii
sra.373.2015,4371382.316,734488.5451,JM01,7/20/15,Symphyotrichum sp.,44,44,W48,2015,vosnesenskii
sra.409.2015,4371863.273,734575.9597,JM07,7/22/15,Unknown yellow composite,44,44,W64,2015,vosnesenskii
sra.434.2015,4371913.754,734812.0371,JM05,7/24/15,Monardella odoratissima,44,44,no tag,2015,vosnesenskii
sra.435.2015,4371940.249,734806.4116,JM05,7/24/15,Eriogonum nudum,44,44,W80,2015,vosnesenskii
sra.66.2015,4371361.78,734511.2147,JM01,6/11/15,Penstemon rydbergii,45,45,G16,2015,vosnesenskii
sra.281.2015,4371559.233,734511.7854,JMX,6/29/15,Phacelia hydrophylloides,45,45,Y54,2015,vosnesenskii
sra.214.2015,4371661.651,735075.8068,JM04,6/26/15,Phacelia hydrophylloides,46,s,Y46,2015,vosnesenskii
sra.206.2015,4371616.443,735057.8863,JM04,6/26/15,Phacelia hydrophylloides,47,s,Y40,2015,vosnesenskii
sra.152.2015,4371653.894,734515.3802,JMX,6/23/15,Phacelia hydrophylloides,48,s,Y23,2015,vosnesenskii
sra.35.2015,4371572.859,734348.8579,JM10,6/14/15,Penstemon rydbergii,49,49,G54,2015,vosnesenskii
sra.196.2015,4371643.86,735057.0548,JM04,6/26/15,Phacelia hydrophylloides,49,49,Y32,2015,vosnesenskii
sra.340.2015,4371928.801,734798.9214,JM05,7/14/15,Monardella odoratissima,49,49,W31,2015,vosnesenskii
sra.120.2015,4371387.138,734504.677,JM01,6/19/15,Penstemon rydbergii,50,s,Y15,2015,vosnesenskii
sra.81.2015,4371446.188,734744.9884,JM02,6/17/15,Penstemon rydbergii,51,51,G75,2015,vosnesenskii
sra.123.2015,4371819.381,734564.8008,JM07,6/22/15,Ivesia sericoleuca,51,51,Y18,2015,vosnesenskii
sra.126.2015,4371850.064,734561.719,JM07,6/22/15,Ivesia sericoleuca,51,51,Y21,2015,vosnesenskii
sra.29.2015,4371512.735,734333.6233,JM10,6/14/15,Penstemon rydbergii,52,52,G51,2015,vosnesenskii
sra.111.2015,4371403.113,734529.6007,JM01,6/19/15,Penstemon rydbergii,52,52,Y9,2015,vosnesenskii
sra.103.2015,4371618.032,735073.6849,JM04,6/18/15,Phacelia hydrophylloides,53,s,G96,2015,vosnesenskii
sra.95.2015,4371630.203,735042.6557,JM04,6/18/15,Phacelia hydrophylloides,54,s,G89,2015,vosnesenskii
sra.99.2015,4371609.914,735051.4528,JM04,6/18/15,Phacelia hydrophylloides,55,55,G91,2015,vosnesenskii
sra.371.2015,4371590.842,735085.7058,JM04,7/20/15,Monardella odoratissima,55,55,W47,2015,vosnesenskii
sra.71.2015,4371852.821,734561.0327,JM07,6/12/15,Lupinus breweri,56,56,G20,2015,vosnesenskii
sra.87.2015,4371639.425,735046.3377,JM04,6/18/15,Phacelia hydrophylloides,56,56,G81,2015,vosnesenskii
sra.327.2015,4371879.716,734542.9085,JM07,7/13/15,Symphyotrichum sp.,57,57,W20,2015,vosnesenskii
sra.421.2015,4371511.295,734322.7291,JM10,7/24/15,Valeriana californica,57,57,W72,2015,vosnesenskii
sra.23.2015,4371541.101,734375.1386,JM10,6/14/15,Penstemon rydbergii,58,58,G43,2015,vosnesenskii
sra.336.2015,4371584.605,734355.1341,JM10,7/13/15,Unknown,58,58,W27,2015,vosnesenskii
sra.52.2015,4371407.05,734538.5247,JM01,6/11/15,Penstemon rydbergii,59,59,G1,2015,vosnesenskii
sra.70.2015,4371853.859,734551.2696,JM07,6/12/15,Penstemon rydbergii,59,59,G21,2015,vosnesenskii
sra.83.2015,4371459.243,734680.7742,JM02,6/17/15,Penstemon rydbergii,59,59,G79,2015,vosnesenskii
sra.56.2015,4371388.441,734503.6902,JM01,6/11/15,Penstemon rydbergii,60,60,G5,2015,vosnesenskii
sra.280.2015,4371554.159,734505.652,JMX,6/29/15,Phacelia hydrophylloides,60,60,Y55,2015,vosnesenskii
sra.332.2015,4371432.653,734708.9673,JM02,7/13/15,Symphyotrichum sp.,61,s,W22,2015,vosnesenskii
sra.217.2015,4371646.486,735055.6832,JM04,6/26/15,Phacelia hydrophylloides,62,s,Y44,2015,vosnesenskii
sra.205.2015,4371630.627,735052.9777,JM04,6/26/15,Phacelia hydrophylloides,63,s,Y38,2015,vosnesenskii
sra.189.2015,4371166.253,734676.9849,JM03,6/24/15,Symphyotrichum sp.,64,s,NA,2015,vosnesenskii
sra.86.2015,4371474.455,734735.5197,JM02,6/17/15,Penstemon rydbergii,65,s,G78,2015,vosnesenskii
sra.337.2015,4371550.508,734348.2419,JM10,7/13/15,Ivesia sericoleuca,66,s,W28,2015,vosnesenskii
sra.75.2015,4371857.837,734561.5698,JM07,6/12/15,Lupinus breweri,67,67,G24,2015,vosnesenskii
sra.203.2015,4371629.095,735042.7754,JM04,6/26/15,Phacelia hydrophylloides,67,67,Y35,2015,vosnesenskii
sra.279.2015,4371583.054,734476.5291,JMX,6/29/15,Phacelia hydrophylloides,67,67,Y53,2015,vosnesenskii
sra.75b.2015,4371431.563,734856.3612,JMY,6/29/15,Phacelia hydrophylloides,67,67,Y69,2015,vosnesenskii
sra.83b.2015,4371168.751,734678.8042,JM03,7/11/15,Symphyotrichum sp.,67,67,Y87,2015,vosnesenskii
sra.84b.2015,4371148.362,734695.2692,JM03,7/11/15,Symphyotrichum sp.,67,67,Y92,2015,vosnesenskii
sra.302.2015,4371168.563,734723.9411,JM03,7/11/15,Eurybia integrifolia,67,67,Y94,2015,vosnesenskii
sra.349.2015,4371156.963,734729.8047,JM03,7/18/15,Eurybia integrifolia,67,67,W39,2015,vosnesenskii
sra.ind16.2015,4370672.221,732873.5917,IN,6/13/15,Penstemon rydbergii,67,67,NA,2015,vosnesenskii
sra.154.2015,4371584.895,734537.3628,JMX,6/23/15,Phacelia hydrophylloides,68,s,Y28,2015,vosnesenskii
sra.117.2015,4371408.965,734528.3901,JM01,6/19/15,Penstemon rydbergii,69,s,Y12,2015,vosnesenskii
sra.109.2015,4371933.186,734778.6365,JM05,6/19/15,Phacelia hydrophylloides,70,70,Y2,2015,vosnesenskii
sra.390.2015,4371464.691,734750.6291,JM02,7/22/15,Eurybia integrifolia,70,70,W52,2015,vosnesenskii
sra.411.2015,4371873.305,734569.7137,JM07,7/22/15,Unknown yellow composite,70,70,W66,2015,vosnesenskii
sra.101.2015,4371657.803,735080.8325,JM04,6/18/15,Phacelia hydrophylloides,71,s,G95,2015,vosnesenskii
sra.9.2015,4371608.512,734590.8197,JM06,6/13/15,Penstemon rydbergii,72,72,G32,2015,vosnesenskii
sra.69.2015,4371392.717,734527.5038,JM01,6/11/15,Penstemon rydbergii,72,72,G17,2015,vosnesenskii
sra.76.2015,4371467.455,734746.4973,JM02,6/17/15,Penstemon rydbergii,72,72,G70,2015,vosnesenskii
sra.sh29.2015,4368370.037,735548.9539,SH,7/5/15,Symphyotrichum sp.,72,72,NA,2015,vosnesenskii
sra.sh34.2015,4368355.564,735551.6335,SH,7/5/15,Symphyotrichum sp.,72,72,NA,2015,vosnesenskii
sra.ind01.2015,4370706.949,732838.6988,IN,6/12/15,Penstemon rydbergii,73,s,NA,2015,vosnesenskii
sra.308.2015,4371162.954,734718.5126,JM03,7/11/15,Symphyotrichum sp.,74,74,Y99,2015,vosnesenskii
sra.312.2015,4371612.582,735062.4819,JM04,7/12/15,Monardella odoratissima,74,74,W7,2015,vosnesenskii
sra.95b.2015,4371647.629,735086.0502,JM04,7/12/15,Monardella odoratissima,74,74,W3,2015,vosnesenskii
sra.68.2015,4371351.059,734476.3135,JM01,6/11/15,Penstemon rydbergii,75,75,G18,2015,vosnesenskii
sra.286.2015,4371588.741,734535.9546,JMX,6/29/15,Phacelia hydrophylloides,75,75,Y60,2015,vosnesenskii
sra.289.2015,4371393.934,734905.2154,JMY,6/29/15,Phacelia hydrophylloides,76,s,Y70,2015,vosnesenskii
sra.sh24.2015,4368325.35,735584.775,SH,7/5/15,Symphyotrichum sp.,77,s,NA,2015,vosnesenskii
sra.285.2015,4371588.073,734535.8886,JMX,6/29/15,Phacelia hydrophylloides,78,s,Y62,2015,vosnesenskii
sra.sh01.2015,4368291.529,735535.7424,SH,6/16/15,Penstemon rydbergii,79,79,NA,2015,vosnesenskii
sra.sh23.2015,4368350.685,735529.983,SH,7/5/15,Sidalcea sp.,79,79,NA,2015,vosnesenskii
sra.sh40.2015,4368371.299,735539.2656,SH,7/5/15,Symphyotrichum sp.,79,79,NA,2015,vosnesenskii
sra.47.2015,4371449.628,734675.1227,JM02,6/17/15,Penstemon rydbergii,80,80,G66,2015,vosnesenskii
sra.294.2015,4371395.847,734862.0082,JMY,6/29/15,Phacelia hydrophylloides,80,80,Y65,2015,vosnesenskii
sra.sh20vos.2015,4368289.213,735646.0992,SH,6/20/15,Penstemon rydbergii,80,80,NA,2015,vosnesenskii
sra.41.2015,4371468.458,734695.2225,JM02,6/17/15,Penstemon rydbergii,81,s,G62,2015,vosnesenskii
sra.313.2015,4371611.805,735062.5053,JM04,7/12/15,Monardella odoratissima,82,82,W2,2015,vosnesenskii
sra.321.2015,4371594.501,735085.4225,JM04,7/12/15,Monardella odoratissima,82,82,W13,2015,vosnesenskii
sra.401.2015,4371477.623,734755.7492,JM02,7/22/15,Eurybia integrifolia,82,82,W59,2015,vosnesenskii
sra.sh33.2015,4368330.129,735581.1836,SH,7/5/15,Symphyotrichum sp.,83,s,NA,2015,vosnesenskii
sra.74.2015,4371836.141,734575.2309,JM07,6/12/15,Ivesia sericoleuca,84,84,G25,2015,vosnesenskii
sra.ind18.2015,4370700.006,732877.5803,IN,6/13/15,Penstemon rydbergii,84,84,NA,2015,vosnesenskii
sra.314.2015,4371629.647,735097.6195,JM04,7/12/15,Monardella odoratissima,85,85,W6,2015,vosnesenskii
sra.90b.2015,4371639.112,735101.9831,JM04,7/12/15,Monardella odoratissima,85,85,W1,2015,vosnesenskii
sra.299.2015,4371602.8,734640.6858,JM06,7/11/15,Ivesia sericoleuca,86,86,Y86,2015,vosnesenskii
sra.345.2015,4371907.388,734792.5946,JM05,7/14/15,Monardella odoratissima,86,86,W36,2015,vosnesenskii
sra.433.2015,4371914.755,734812.0929,JM05,7/24/15,Monardella odoratissima,86,86,W79,2015,vosnesenskii
sra.ind05.2015,4370691.669,732888.5111,IN,6/12/15,Penstemon rydbergii,87,87,NA,2015,vosnesenskii
sra.ind10.2015,4370701.826,732871.5827,IN,6/12/15,Lupinus breweri,87,87,NA,2015,vosnesenskii
sra.ind02.2015,4370693.463,732852.1098,IN,6/12/15,Penstemon rydbergii,88,s,NA,2015,vosnesenskii
sra.44.2015,4371474.015,734676.968,JM02,6/17/15,Penstemon rydbergii,89,89,G68,2015,vosnesenskii
sra.sh38.2015,4368352.953,735535.17,SH,7/5/15,Symphyotrichum sp.,89,89,NA,2015,vosnesenskii
sra.sh39.2015,4368350.038,735534.3107,SH,7/5/15,Symphyotrichum sp.,89,89,NA,2015,vosnesenskii
sra.43.2015,4371486.711,734685.2821,JM02,6/17/15,Penstemon rydbergii,91,s,G64,2015,vosnesenskii
sra.300.2015,4371171.25,734687.9442,JM03,7/11/15,Symphyotrichum sp.,92,s,Y88,2015,vosnesenskii
sra.61.2015,4371404.508,734535.3289,JM01,6/11/15,Penstemon rydbergii,93,93,G12,2015,vosnesenskii
sra.77.2015,4371447.901,734739.1661,JM02,6/17/15,Penstemon rydbergii,93,93,G72,2015,vosnesenskii
sra.72b.2015,4371423.19,734862.3854,JMY,6/29/15,Phacelia hydrophylloides,93,93,Y78,2015,vosnesenskii
sra.ind13.2015,4370706.287,732879.545,IN,6/13/15,Lupinus breweri,94,s,NA,2015,vosnesenskii
sra.sh11.2015,4368299.704,735643.9712,SH,6/16/15,Penstemon rydbergii,95,s,NA,2015,vosnesenskii
sra.296.2015,4371405.308,734844.2379,JMY,6/29/15,Phacelia hydrophylloides,96,s,Y73,2015,vosnesenskii
sra.sh19.2015,4368286.839,735648.4115,SH,6/20/15,Penstemon rydbergii,97,s,NA,2015,vosnesenskii
sra.sh25.2015,4368364.837,735567.9809,SH,7/5/15,Symphyotrichum sp.,98,s,NA,2015,vosnesenskii
sra.303.2015,4371183.474,734699.0292,JM03,7/11/15,Symphyotrichum sp.,99,99,Y93,2015,vosnesenskii
sra.305.2015,4371181.127,734705.9045,JM03,7/11/15,Symphyotrichum sp.,99,99,Y97,2015,vosnesenskii
sra.ind17.2015,4370689.835,732864.4493,IN,6/13/15,Lupinus breweri,100,s,NA,2015,vosnesenskii
sra.6.2015,4371600.245,734618.7156,JM06,6/13/15,Penstemon rydbergii,101,101,G33,2015,vosnesenskii
sra.sh28.2015,4368363.58,735559.4892,SH,7/5/15,Symphyotrichum sp.,101,101,NA,2015,vosnesenskii
sra.sh37.2015,4368335.822,735563.7785,SH,7/5/15,Sidalcea sp.,101,101,NA,2015,vosnesenskii
sra.ind07.2015,4370687.667,732888.4592,IN,6/12/15,Lupinus breweri,102,102,NA,2015,vosnesenskii
sra.ind09.2015,4370712.877,732862.2069,IN,6/12/15,Lupinus breweri,102,102,NA,2015,vosnesenskii
sra.7.2015,4371600.228,734603.4722,JM06,6/13/15,Penstemon rydbergii,103,103,G34,2015,vosnesenskii
sra.ind19.2015,4370688.912,732896.6042,IN,6/13/15,Lupinus breweri,103,103,NA,2015,vosnesenskii
sra.sh18.2015,4368268.38,735534.4635,SH,6/20/15,Penstemon rydbergii,104,s,NA,2015,vosnesenskii
sra.sh26.2015,4368387.496,735520.1632,SH,7/5/15,Sidalcea sp.,106,s,NA,2015,vosnesenskii
sra.sh35.2015,4368353.616,735549.711,SH,7/5/15,Symphyotrichum sp.,107,s,NA,2015,vosnesenskii
sra.1.2015,4371641.69,734611.4322,JM06,6/13/15,Penstemon rydbergii,108,108,G27,2015,vosnesenskii
sra.17.2015,4371595.211,734606.5523,JM06,6/13/15,Penstemon rydbergii,108,108,G41,2015,vosnesenskii
sra.48.2015,4371443.622,734682.2806,JM02,6/17/15,Penstemon rydbergii,108,108,G67,2015,vosnesenskii
sra.301.2015,4371179.995,734694.2252,JM03,7/11/15,Symphyotrichum sp.,109,s,Y89,2015,vosnesenskii
sra.290.2015,4371390.396,734876.4703,JMY,6/29/15,Monardella odoratissima,110,s,Y64,2015,vosnesenskii
sra.318.2015,4371617.899,735043.6317,JM04,7/12/15,Monardella odoratissima,111,s,W12,2015,vosnesenskii
sra.ind20.2015,4370667.904,732896.2879,IN,6/13/15,Penstemon rydbergii,112,s,NA,2015,vosnesenskii
sra.79.2015,4371422.904,734713.5688,JM02,6/17/15,Penstemon rydbergii,114,114,G69,2015,vosnesenskii
sra.sh10.2015,4368299.589,735640.1837,SH,6/16/15,Penstemon rydbergii,114,114,NA,2015,vosnesenskii
sra.sh31.2015,4368369.949,735531.3798,SH,7/5/15,Sidalcea sp.,115,s,NA,2015,vosnesenskii
sra.sh21.2015,4368330.568,735588.3216,SH,7/5/15,Symphyotrichum sp.,116,s,NA,2015,vosnesenskii
sra.sh07.2015,4368294.625,735608.4546,SH,6/16/15,Penstemon rydbergii,117,s,NA,2015,vosnesenskii
sra.sh04.2015,4368280.824,735560.1065,SH,6/16/15,Penstemon rydbergii,118,s,NA,2015,vosnesenskii
sra.45.2015,4371461.076,734682.6135,JM02,6/17/15,Penstemon rydbergii,119,s,G65,2015,vosnesenskii
sra.4.2015,4371637.873,734595.4428,JM06,6/13/15,Penstemon rydbergii,120,120,G29,2015,vosnesenskii
sra.sh05.2015,4368285.724,735538.5035,SH,6/16/15,Penstemon rydbergii,120,120,NA,2015,vosnesenskii
sra.297.2015,4371399.067,734839.9485,JMY,6/29/15,Monardella odoratissima,122,s,Y77,2015,vosnesenskii
sra.63.2015,4371349.434,734565.8478,JM01,6/11/15,Penstemon rydbergii,123,123,G13,2015,vosnesenskii
sra.ind06.2015,4370689.991,732888.1309,IN,6/12/15,Lupinus breweri,123,123,NA,2015,vosnesenskii
sra.sh02.2015,4368311.043,735570.9929,SH,6/16/15,Penstemon rydbergii,124,s,NA,2015,vosnesenskii
sra.311.2015,4371620.772,735035.7934,JM04,7/12/15,Monardella odoratissima,126,126,W5,2015,vosnesenskii
sra.354.2015,4371190.445,734727.4127,JM03,7/18/15,Eurybia integrifolia,126,126,W43,2015,vosnesenskii
sra.293.2015,4371396.197,734858.897,JMY,6/29/15,Phacelia hydrophylloides,127,s,Y67,2015,vosnesenskii
sra.sh17vos.2015,4368297.587,735636.4534,SH,6/20/15,Penstemon rydbergii,128,s,NA,2015,vosnesenskii
sra.sh15vos.2015,4368310.441,735598.7551,SH,6/20/15,Penstemon rydbergii,129,s,NA,2015,vosnesenskii
sra.sh14vos.2015,4368294.131,735639.7463,SH,6/20/15,Penstemon rydbergii,130,s,NA,2015,vosnesenskii
sra.sh12vos.2015,4368256.475,735647.3521,SH,6/20/15,Penstemon rydbergii,131,s,NA,2015,vosnesenskii
sra.50.2015,4371382.147,734527.0485,JM01,6/11/15,Penstemon rydbergii,132,132,G3,2015,vosnesenskii
sra.62.2015,4371399.823,734556.7438,JM01,6/11/15,Penstemon rydbergii,132,132,G15,2015,vosnesenskii
sra.sh13vos.2015,4368250.986,735638.5579,SH,6/20/15,Penstemon rydbergii,132,132,NA,2015,vosnesenskii
sra.73b.2015,4371429.667,734859.7775,JMY,6/29/15,Phacelia hydrophylloides,133,s,Y75,2015,vosnesenskii
sra.8.2015,4371640.676,734596.3052,JM06,6/13/15,Penstemon rydbergii,134,s,G30,2015,vosnesenskii
sra.51.2015,4371387.52,734528.3501,JM01,6/11/15,Penstemon rydbergii,135,s,G2,2015,vosnesenskii
sra.99b.2015,4371852.077,734529.1045,JM07,7/13/15,Symphyotrichum sp.,136,s,W17,2015,vosnesenskii
sra.22.2015,4371525.701,734361.9106,JM10,6/14/15,Penstemon rydbergii,137,s,G45,2015,vosnesenskii
sra.30.2015,4371535.608,734336.8073,JM10,6/14/15,Penstemon rydbergii,138,s,G49,2015,vosnesenskii
sra.38.2015,4371531.597,734358.4595,JM10,6/14/15,Penstemon rydbergii,139,139,G59,2015,vosnesenskii
sra.sh08.2015,4368295.725,735637.3715,SH,6/16/15,Penstemon rydbergii,139,139,NA,2015,vosnesenskii
sra.78b.2015,4371436.875,734844.6594,JMY,6/29/15,Phacelia hydrophylloides,140,140,Y71,2015,vosnesenskii
sra.341.2015,4371883.3,734804.348,JM05,7/14/15,Phacelia hydrophylloides,140,140,W32,2015,vosnesenskii
sra.21.2015,4371539.841,734344.5166,JM10,6/14/15,Penstemon rydbergii,141,141,G46,2015,vosnesenskii
sra.32.2015,4371530.082,734352.4768,JM10,6/14/15,Penstemon rydbergii,141,141,G53,2015,vosnesenskii
sra.60.2015,4371372.415,734524.8453,JM01,6/11/15,Penstemon rydbergii,141,141,G9,2015,vosnesenskii
sra.70b.2015,4371630.274,734520.5734,JMX,6/29/15,Phacelia hydrophylloides,141,141,Y51,2015,vosnesenskii
sra.86b.2015,4371198.132,734698.7576,JM03,7/11/15,Symphyotrichum sp.,142,s,Y95,2015,vosnesenskii
sra.100b.2015,4371440.123,734687.8126,JM02,7/13/15,Symphyotrichum sp.,143,s,W23,2015,vosnesenskii
sra.26.2015,4371514.155,734321.7813,JM10,6/14/15,Penstemon rydbergii,144,s,G50,2015,vosnesenskii
sra.34.2015,4371574.161,734340.4646,JM10,6/14/15,Penstemon rydbergii,145,s,G55,2015,vosnesenskii
sra.343.2015,4371909.242,734806.1454,JM05,7/14/15,Monardella odoratissima,146,146,W34,2015,vosnesenskii
sra.410.2015,4371856.016,734582.1217,JM07,7/22/15,Unknown yellow composite,146,146,W65,2015,vosnesenskii
sra.427.2015,4371925.168,734796.3619,JM05,7/24/15,Eriogonum nudum,146,146,W76,2015,vosnesenskii
sra.74b.2015,4371431.575,734856.7915,JMY,6/29/15,Phacelia hydrophylloides,147,s,Y74,2015,vosnesenskii
sra.65.2015,4371332.271,734486.9587,JM01,6/11/15,Penstemon rydbergii,148,s,G14,2015,vosnesenskii
sra.73.2015,4371859.707,734571.9338,JM07,6/12/15,Lupinus breweri,149,s,G23,2015,vosnesenskii
sra.82b.2015,4371405.743,734847.5836,JMY,6/29/15,Phacelia hydrophylloides,150,s,Y84,2015,vosnesenskii
sra.98b.2015,4371873.472,734516.4862,JM07,7/13/15,Symphyotrichum sp.,151,s,W18,2015,vosnesenskii
sra.31.2015,4371530.28,734351.6957,JM10,6/14/15,Penstemon rydbergii,152,152,G52,2015,vosnesenskii
sra.413.2015,4371835.945,734568.7778,JM07,7/22/15,Unknown,152,152,W68,2015,vosnesenskii
sra.2.2015,4371642.878,734610.2766,JM06,6/13/15,Penstemon rydbergii,153,s,G28,2015,vosnesenskii
sra.39.2015,4371526.287,734359.223,JM10,6/14/15,Penstemon rydbergii,154,s,G60,2015,vosnesenskii
sra.10.2015,4371599.427,734599.018,JM06,6/13/15,Penstemon rydbergii,155,s,G31,2015,vosnesenskii
sra.67.2015,4371363.348,734493.253,JM01,6/11/15,Penstemon rydbergii,156,s,G19,2015,vosnesenskii
sra.18.2015,4371599.952,734601.6719,JM06,6/13/15,Penstemon rydbergii,157,s,G38,2015,vosnesenskii
sra.79b.2015,4371428.515,734851.1138,JMY,6/29/15,Phacelia hydrophylloides,158,s,Y81,2015,vosnesenskii
sra.97b.2015,4371885.68,734516.0306,JM07,7/13/15,Symphyotrichum sp.,159,159,W16,2015,vosnesenskii
sra.407.2015,4371864.731,734572.7291,JM07,7/22/15,Unknown yellow composite,159,159,W63,2015,vosnesenskii
sra.418.2015,4371845.301,734569.528,JM07,7/22/15,Unknown,159,159,W71,2015,vosnesenskii
sra.431.2015,4371924.822,734788.6216,JM05,7/24/15,Eriogonum nudum,159,159,W78,2015,vosnesenskii
sra.58.2015,4371396.98,734550.887,JM01,6/11/15,Penstemon rydbergii,160,s,G10,2015,vosnesenskii
sra.59.2015,4371387.718,734564.2585,JM01,6/11/15,Penstemon rydbergii,161,s,G11,2015,vosnesenskii
sra.3.2015,4371641.414,734594.9911,JM06,6/13/15,Penstemon rydbergii,162,s,G26,2015,vosnesenskii
sra.36.2015,4371557.733,734374.0327,JM10,6/14/15,Penstemon rydbergii,163,s,G57,2015,vosnesenskii
sra.24.2015,4371553.578,734379.9287,JM10,6/14/15,Penstemon rydbergii,164,s,G47,2015,vosnesenskii
sra.76b.2015,4371429.694,734849.7001,JMY,6/29/15,Phacelia hydrophylloides,165,s,Y79,2015,vosnesenskii
sra.55.2015,4371359.79,734518.8539,JM01,6/11/15,Penstemon rydbergii,166,s,G4,2015,vosnesenskii
sra.37.2015,4371537.086,734356.3128,JM10,6/14/15,Penstemon rydbergii,167,s,G56,2015,vosnesenskii
sra.346.2015,4371913.219,734794.3987,JM05,7/14/15,Monardella odoratissima,168,s,W37,2015,vosnesenskii
sra.77b.2015,4371429.411,734844.0243,JMY,6/29/15,Phacelia hydrophylloides,169,s,Y80,2015,vosnesenskii
sra.72.2015,4371860.671,734570.7852,JM07,6/12/15,Lupinus breweri,170,s,G22,2015,vosnesenskii
sra.395.2015,4371405.748,734726.7489,JM02,7/22/15,Symphyotrichum sp.,171,s,W56,2015,vosnesenskii
sra.397.2015,4371435.92,734732.4668,JM02,7/22/15,Symphyotrichum sp.,172,s,W58,2015,vosnesenskii
sra.351.2015,4371162.934,734728.8488,JM03,7/18/15,Valeriana californica,173,173,W41,2015,vosnesenskii
sra.352.2015,4371202.827,734714.3769,JM03,7/18/15,Valeriana californica,173,173,W42,2015,vosnesenskii
sra.404.2015,4371871.848,734506.8898,JM07,7/22/15,Symphyotrichum sp.,173,173,W62,2015,vosnesenskii
sra.428.2015,4371905.455,734798.5094,JM05,7/24/15,Eriogonum nudum,174,s,W77,2015,vosnesenskii
sra.374.2015,4371345.483,734556.4073,JM01,7/20/15,Symphyotrichum sp.,175,s,W49,2015,vosnesenskii
sra.394.2015,4371465.575,734754.1334,JM02,7/22/15,Eurybia integrifolia,176,s,W55,2015,vosnesenskii
sra.402.2015,4371470.296,734744.9472,JM02,7/22/15,Valeriana californica,177,s,W60,2015,vosnesenskii
sra.396.2015,4371404.795,734717.3038,JM02,7/22/15,Symphyotrichum sp.,178,s,W57,2015,vosnesenskii
sra.412.2015,4371864.279,734572.4844,JM07,7/22/15,Unknown yellow composite,179,s,W67,2015,vosnesenskii
sra.96b.2015,4371331.321,734488.6237,JM01,7/12/15,Symphyotrichum sp.,180,s,NA,2015,vosnesenskii
sra.393.2015,4371462.207,734749.3262,JM02,7/22/15,Eurybia integrifolia,181,s,W54,2015,vosnesenskii
sra.425.2015,4371531.309,734356.3152,JM10,7/24/15,Symphyotrichum sp.,182,s,W74,2015,vosnesenskii
sra.426.2015,4371508.033,734306.7225,JM10,7/24/15,Valeriana californica,183,s,W75,2015,vosnesenskii
sra.rm01.2015,4371690.642,732371.5731,RM,6/22/15,Penstemon rydbergii,184,s,NA,2015,vosnesenskii
sra.438.2015,4371930.147,734803.0145,JM05,7/24/15,Eriogonum nudum,185,s,W81,2015,vosnesenskii
sra.40.2015,4371575.86,734359.877,JM10,6/14/15,Penstemon rydbergii,987,s,G58,2015,vosnesenskii
sra.46.2015,4371460.357,734680.9127,JM02,6/17/15,Penstemon rydbergii,988,s,G63,2015,vosnesenskii
sra.403.2015,4371468.823,734747.6618,JM02,7/22/15,Eurybia integrifolia,989,s,W61,2015,vosnesenskii
sra.sh06.2015,4368314.857,735520.9899,SH,6/16/15,Penstemon rydbergii,990,s,NA,2015,vosnesenskii
sra.422.2015,4371515.826,734329.3098,JM10,7/24/15,Valeriana californica,991,s,W73,2015,vosnesenskii
sra.sh27.2015,4368355.73,735575.4088,SH,7/5/15,Symphyotrichum sp.,992,s,NA,2015,vosnesenskii
sra.350.2015,4371159.341,734731.283,JM03,7/18/15,Eurybia integrifolia,993,s,W40,2015,vosnesenskii
sra.sh03.2015,4368288.679,735624.8336,SH,6/16/15,Penstemon rydbergii,994,s,NA,2015,vosnesenskii
sra.sh09vos.2015,4368298.839,735637.4492,SH,6/16/15,Penstemon rydbergii,995,s,NA,2015,vosnesenskii
sra.ind04.2015,4370673.327,732906.7193,IN,6/12/15,Penstemon rydbergii,996,s,NA,2015,vosnesenskii
sra.sh36.2015,4368353.408,735550.1482,SH,7/5/15,Symphyotrichum sp.,997,s,NA,2015,vosnesenskii
sra.344.2015,4371913.663,734801.7054,JM05,7/14/15,Monardella odoratissima,998,s,W35,2015,vosnesenskii
sra.330.2015,4371862.134,734538.3595,JM07,7/13/15,Symphyotrichum sp.,999,s,W19,2015,vosnesenskii
sra.178.2015,4408860.357,-298359.5847,JM03,6/24/15,Symphyotrichum sp.,1,s,NA,2015,bifarius
sra.sh18bif.2015,4405912.212,-297842.0175,SH,7/5/15,Symphyotrichum sp.,2,s,NA,2015,bifarius
sra.sh03bif.2015,4405914.446,-297832.1066,SH,7/3/15,Symphyotrichum sp.,3,3,NA,2015,bifarius
sra.sh08bif.2015,4405911.047,-297843.795,SH,7/4/15,Symphyotrichum sp.,3,3,NA,2015,bifarius
sra.sh14bif.2015,4405915.794,-297840.7744,SH,7/5/15,Symphyotrichum sp.,4,s,NA,2015,bifarius
sra.163.2015,4409099.394,-298300.6986,JM02,6/24/15,Symphyotrichum sp.,5,s,NA,2015,bifarius
sra.134.2015,4409336.642,-298347.0353,JM06,6/23/15,Ivesia sericoleuca,6,s,NA,2015,bifarius
sra.sh04bif.2015,4405917.565,-297828.5571,SH,7/3/15,Symphyotrichum sp.,7,s,NA,2015,bifarius
sra.183.2015,4408889.114,-298299.6776,JM03,6/24/15,Arnica parryi,8,8,NA,2015,bifarius
sra.193.2015,4408897.159,-298304.5963,JM03,6/24/15,Arnica parryi,8,8,NA,2015,bifarius
sra.ind14bif.2015,4408641.953,-300248.5649,IN,7/6/15,NA,9,s,NA,2015,bifarius
sra.147.2015,4409301.605,-298365.9255,JM06,6/23/15,Ivesia sericoleuca,10,s,NA,2015,bifarius
sra.sh11bif.2015,4405917.856,-297863.931,SH,7/5/15,Symphyotrichum sp.,11,s,NA,2015,bifarius
sra.ind04bif.2015,4408649.81,-300284.1029,IN,7/6/15,NA,12,s,NA,2015,bifarius
sra.sh19bif.2015,4405912.729,-297842.6616,SH,7/5/15,Symphyotrichum sp.,13,s,NA,2015,bifarius
sra.sh13bif.2015,4405914.939,-297839.0317,SH,7/5/15,Symphyotrichum sp.,14,s,NA,2015,bifarius
sra.187.2015,4408879.844,-298372.9051,JM03,6/24/15,Symphyotrichum sp.,15,s,NA,2015,bifarius
sra.138.2015,4409289.297,-298376.2683,JM06,6/23/15,Ivesia sericoleuca,16,s,NA,2015,bifarius
sra.161.2015,4409139.326,-298296.4681,JM02,6/24/15,Symphyotrichum sp.,17,17,NA,2015,bifarius
sra.167.2015,4409099.721,-298297.3521,JM02,6/24/15,Symphyotrichum sp.,17,17,NA,2015,bifarius
sra.168.2015,4409109.191,-298295.4107,JM02,6/24/15,Symphyotrichum sp.,18,s,NA,2015,bifarius
sra.188.2015,4408877.251,-298375.0048,JM03,6/24/15,Symphyotrichum sp.,19,s,NA,2015,bifarius
sra.164.2015,4409100.504,-298288.6411,JM02,6/24/15,Symphyotrichum sp.,20,s,NA,2015,bifarius
sra.sh01bif.2015,4405913.233,-297836.6795,SH,7/3/15,Symphyotrichum sp.,21,s,NA,2015,bifarius
sra.ind11bif.2015,4408636.618,-300261.0637,IN,7/6/15,NA,22,s,NA,2015,bifarius
sra.ind01bif.2015,4408655.503,-300272.8746,IN,7/6/15,NA,23,s,NA,2015,bifarius
sra.194.2015,4408870.041,-298374.8811,JM03,6/24/15,Symphyotrichum sp.,25,s,NA,2015,bifarius
sra.sh05bif.2015,4405969.861,-297920.8925,SH,7/3/15,Symphyotrichum sp.,26,26,NA,2015,bifarius
sra.sh12bif.2015,4405941.031,-297879.232,SH,7/5/15,Symphyotrichum sp.,26,26,NA,2015,bifarius
sra.sh17bif.2015,4405913.727,-297877.2646,SH,7/5/15,Symphyotrichum sp.,27,s,NA,2015,bifarius
sra.157.2015,4409128.905,-298259.9794,JM02,6/24/15,Penstemon rydbergii,28,s,NA,2015,bifarius
sra.248.2015,4409324.88,-298647.5906,JM10,6/26/15,Ivesia sericoleuca,29,s,NA,2015,bifarius
sra.sh07bif.2015,4405920.626,-297868.9633,SH,7/4/15,Symphyotrichum sp.,30,30,NA,2015,bifarius
sra.sh15bif.2015,4405913.673,-297845.267,SH,7/5/15,Symphyotrichum sp.,30,30,NA,2015,bifarius
sra.131.2015,4409310.335,-298338.4335,JM06,6/23/15,Arnica sp.,31,s,NA,2015,bifarius
sra.162.2015,4409101.264,-298301.3763,JM02,6/24/15,Symphyotrichum sp.,32,32,NA,2015,bifarius
sra.209.2015,4409274.244,-297905.9951,JM04,6/26/15,Phacelia hydrophylloides,32,32,NA,2015,bifarius
sra.ind15bif.2015,4408643.253,-300248.0811,IN,7/6/15,NA,33,s,NA,2015,bifarius
sra.ind05bif.2015,4408641.639,-300267.1675,IN,7/6/15,NA,34,s,NA,2015,bifarius
sra.169.2015,4409112.72,-298295.8291,JM02,6/24/15,Symphyotrichum sp.,35,s,NA,2015,bifarius
sra.236.2015,4409278.739,-297915.7273,JM04,6/26/15,Phacelia hydrophylloides,37,s,NA,2015,bifarius
sra.ind03bif.2015,4408645.899,-300268.1194,IN,7/6/15,NA,38,s,NA,2015,bifarius
sra.180.2015,4408896.549,-298304.1365,JM03,6/24/15,Arnica parryi,39,s,NA,2015,bifarius
sra.135.2015,4409313.4,-298359.2971,JM06,6/23/15,Ivesia sericoleuca,40,s,NA,2015,bifarius
sra.155.2015,4409145.139,-298290.7219,JM02,6/24/15,Symphyotrichum sp.,41,41,NA,2015,bifarius
sra.239.2015,4409319.031,-298645.4084,JM10,6/26/15,Ivesia sericoleuca,41,41,NA,2015,bifarius
sra.143.2015,4409296.251,-298350.0936,JM06,6/23/15,Ivesia sericoleuca,42,s,NA,2015,bifarius
sra.sh20bif.2015,4405913.04,-297843.5013,SH,7/5/15,Symphyotrichum sp.,43,s,NA,2015,bifarius
sra.sh02bif.2015,4405911.809,-297835.9551,SH,7/3/15,Symphyotrichum sp.,44,s,NA,2015,bifarius
sra.sh16bif.2015,4405957.363,-297897.9452,SH,7/5/15,Symphyotrichum sp.,45,s,NA,2015,bifarius
sra.ind12bif.2015,4408638.316,-300252.5177,IN,7/6/15,NA,46,s,NA,2015,bifarius
sra.sh06bif.2015,4405944.838,-297933.3389,SH,7/3/15,Symphyotrichum sp.,47,s,NA,2015,bifarius
sra.ind13bif.2015,4408641.91,-300250.313,IN,7/6/15,NA,49,s,NA,2015,bifarius
sra.159.2015,4409107.591,-298299.4994,JM02,6/24/15,Symphyotrichum sp.,50,s,NA,2015,bifarius
sra.ind06bif.2015,4408639.054,-300245.5535,IN,7/6/15,NA,51,s,NA,2015,bifarius
sra.251.2015,4409297.865,-298632.1767,JM10,6/27/15,Ivesia sericoleuca,52,s,NA,2015,bifarius
sra.208.2015,4409269.57,-297921.6467,JM04,6/26/15,Phacelia hydrophylloides,53,s,NA,2015,bifarius
sra.252.2015,4409295.264,-298636.3693,JM10,6/27/15,Ivesia sericoleuca,54,s,NA,2015,bifarius
sra.173.2015,4409101.365,-298299.0994,JM02,6/24/15,Symphyotrichum sp.,55,55,NA,2015,bifarius
sra.184.2015,4408899.568,-298299.639,JM03,6/24/15,Arnica parryi,55,55,NA,2015,bifarius
sra.185.2015,4408901.822,-298301.8461,JM03,6/24/15,Arnica parryi,56,s,NA,2015,bifarius
sra.171.2015,4409099.423,-298287.9688,JM02,6/24/15,Symphyotrichum sp.,59,s,NA,2015,bifarius
sra.sh09bif.2015,4405920.508,-297841.7685,SH,7/5/15,Symphyotrichum sp.,60,s,NA,2015,bifarius
sra.ind19bif.2015,4408656.661,-300256.9742,IN,7/6/15,NA,61,s,NA,2015,bifarius
sra.ind17bif.2015,4408646.179,-300262.1618,IN,7/6/15,NA,62,s,NA,2015,bifarius
sra.ind07bif.2015,4408640.016,-300246.151,IN,7/6/15,NA,63,s,NA,2015,bifarius
sra.186.2015,4408903.836,-298298.4989,JM03,6/24/15,Arnica parryi,64,s,NA,2015,bifarius
sra.226.2015,4409270.294,-297911.286,JM04,6/26/15,Phacelia hydrophylloides,65,s,NA,2015,bifarius
sra.170.2015,4409120.091,-298305.0888,JM02,6/24/15,Symphyotrichum sp.,66,s,NA,2015,bifarius
sra.sh10bif.2015,4405904.802,-297852.9877,SH,7/5/15,Symphyotrichum sp.,67,s,NA,2015,bifarius
sra.ind20bif.2015,4408649.443,-300253.54,IN,7/6/15,NA,68,s,NA,2015,bifarius
sra.ind10bif.2015,4408640.558,-300279.4854,IN,7/6/15,NA,69,s,NA,2015,bifarius
sra.191.2015,4408890.151,-298299.9187,JM03,6/24/15,Arnica parryi,70,s,NA,2015,bifarius
sra.202.2015,4409279.33,-297940.9441,JM04,6/26/15,Phacelia hydrophylloides,71,s,NA,2015,bifarius
sra.243.2015,4409326.596,-298644.623,JM10,6/26/15,Ivesia sericoleuca,72,s,NA,2015,bifarius
sra.257.2015,4409297.532,-298632.2114,JM10,6/27/15,Ivesia sericoleuca,73,s,NA,2015,bifarius
sra.132.2015,4409344.102,-298341.9899,JM06,6/23/15,Ivesia sericoleuca,74,74,NA,2015,bifarius
sra.272.2015,4409548.948,-298444.5064,JM07,6/27/15,Symphyotrichum sp.,74,74,NA,2015,bifarius
sra.133.2015,4409336.531,-298347.0468,JM06,6/23/15,Ivesia sericoleuca,75,s,NA,2015,bifarius
sra.68b.2015,4409543.844,-298398.5771,JM07,6/27/15,Ivesia sericoleuca,76,s,NA,2015,bifarius
sra.195.2015,4408860.895,-298374.5225,JM03,6/24/15,Symphyotrichum sp.,77,s,NA,2015,bifarius
sra.190.2015,4408889.425,-298298.3378,JM03,6/24/15,Arnica parryi,78,s,NA,2015,bifarius
sra.267.2015,4409550.411,-298402.2538,JM07,6/27/15,Ivesia sericoleuca,79,s,NA,2015,bifarius
sra.224.2015,4409260.119,-297898.8306,JM04,6/26/15,Phacelia hydrophylloides,80,s,NA,2015,bifarius
sra.244.2015,4409314.89,-298642.3515,JM10,6/26/15,Ivesia sericoleuca,81,s,NA,2015,bifarius
sra.165.2015,4409101.354,-298287.0711,JM02,6/24/15,Symphyotrichum sp.,82,s,NA,2015,bifarius
sra.64b.2015,4409550.173,-298398.8791,JM07,6/27/15,Ivesia sericoleuca,83,s,NA,2015,bifarius
sra.172.2015,4409123.666,-298308.1174,JM02,6/24/15,Symphyotrichum sp.,84,s,NA,2015,bifarius
sra.241.2015,4409306.357,-298646.8113,JM10,6/26/15,Ivesia sericoleuca,85,s,NA,2015,bifarius
sra.235.2015,4409281.882,-297952.5341,JM04,6/26/15,Phacelia hydrophylloides,86,s,NA,2015,bifarius
sra.223.2015,4409264.929,-297913.7602,JM04,6/26/15,Phacelia hydrophylloides,87,s,NA,2015,bifarius
sra.273.2015,4409554.333,-298444.3833,JM07,6/27/15,Symphyotrichum sp.,88,s,NA,2015,bifarius
sra.65b.2015,4409530.225,-298389.7922,JM07,6/27/15,Ivesia sericoleuca,89,s,NA,2015,bifarius
sra.156.2015,4409111.919,-298311.9514,JM02,6/24/15,Symphyotrichum sp.,90,90,NA,2015,bifarius
sra.225.2015,4409267.08,-297908.4814,JM04,6/26/15,Phacelia hydrophylloides,90,90,NA,2015,bifarius
sra.179.2015,4408901.342,-298303.7264,JM03,6/24/15,Arnica parryi,91,s,NA,2015,bifarius
sra.139.2015,4409303.677,-298377.2167,JM06,6/23/15,Symphyotrichum sp.,92,s,NA,2015,bifarius
sra.144.2015,4409296.251,-298350.0936,JM06,6/23/15,Ivesia sericoleuca,93,s,NA,2015,bifarius
sra.242.2015,4409291.076,-298651.2741,JM10,6/26/15,Ivesia sericoleuca,94,s,NA,2015,bifarius
sra.264.2015,4409567.733,-298389.2989,JM07,6/27/15,Ivesia sericoleuca,95,s,NA,2015,bifarius
sra.66b.2015,4409541.468,-298384.3543,JM07,6/27/15,Ivesia sericoleuca,96,s,NA,2015,bifarius
sra.128.2015,4409357.156,-298365.9137,JM06,6/23/15,Ivesia sericoleuca,97,s,NA,2015,bifarius
sra.177.2015,4408859.868,-298359.1997,JM03,6/24/15,Symphyotrichum sp.,98,s,NA,2015,bifarius
sra.263.2015,4409573.79,-298388.0601,JM07,6/27/15,Ivesia sericoleuca,99,s,NA,2015,bifarius
sra.166.2015,4409140.451,-298295.3925,JM02,6/24/15,Symphyotrichum sp.,100,s,NA,2015,bifarius
sra.255.2015,4409310.6,-298642.1867,JM10,6/27/15,Ivesia sericoleuca,101,101,NA,2015,bifarius
sra.262.2015,4409571.942,-298386.5086,JM07,6/27/15,Ivesia sericoleuca,101,101,NA,2015,bifarius
sra.245.2015,4409292.614,-298646.5817,JM10,6/26/15,Ivesia sericoleuca,102,s,NA,2015,bifarius
sra.231.2015,4409290.275,-297926.1239,JM04,6/26/15,Phacelia hydrophylloides,103,s,NA,2015,bifarius
sra.253.2015,4409300.559,-298633.2047,JM10,6/27/15,Ivesia sericoleuca,104,s,NA,2015,bifarius
sra.221.2015,4409289.135,-297906.4554,JM04,6/26/15,Phacelia hydrophylloides,105,s,NA,2015,bifarius
sra.256.2015,4409285.36,-298633.039,JM10,6/27/15,Ivesia sericoleuca,106,s,NA,2015,bifarius
sra.266.2015,4409576.596,-298408.6012,JM07,6/27/15,Ivesia sericoleuca,107,s,NA,2015,bifarius
sra.228.2015,4409267.329,-297916.3006,JM04,6/26/15,Phacelia hydrophylloides,108,108,NA,2015,bifarius
sra.230.2015,4409296.596,-297928.5191,JM04,6/26/15,Phacelia hydrophylloides,108,108,NA,2015,bifarius
sra.69b.2015,4409538.495,-298376.295,JM07,6/27/15,Ivesia sericoleuca,109,s,NA,2015,bifarius
sra.222.2015,4409272.229,-297909.342,JM04,6/26/15,Phacelia hydrophylloides,110,s,NA,2015,bifarius
sra.141.2015,4409356.824,-298352.9603,JM06,6/23/15,Ivesia sericoleuca,111,s,NA,2015,bifarius
sra.181.2015,4408861.384,-298357.5604,JM03,6/24/15,Symphyotrichum sp.,112,s,NA,2015,bifarius
sra.130.2015,4409301.586,-298371.1575,JM06,6/23/15,Ivesia sericoleuca,113,s,NA,2015,bifarius
sra.145.2015,4409314.425,-298355.0938,JM06,6/23/15,Ivesia sericoleuca,114,s,NA,2015,bifarius
sra.160.2015,4409144.677,-298292.7747,JM02,6/24/15,Symphyotrichum sp.,115,s,NA,2015,bifarius
sra.137.2015,4409281.398,-298354.3371,JM06,6/23/15,Ivesia sericoleuca,116,s,NA,2015,bifarius
sra.176.2015,4408868.61,-298345.9141,JM03,6/24/15,Symphyotrichum sp.,117,s,NA,2015,bifarius
sra.229.2015,4409293.562,-297929.6183,JM04,6/26/15,Phacelia hydrophylloides,118,s,NA,2015,bifarius
sra.234.2015,4409284.511,-297923.6709,JM04,6/26/15,Phacelia hydrophylloides,119,s,NA,2015,bifarius
sra.232.2015,4409292.475,-297927.8134,JM04,6/26/15,Phacelia hydrophylloides,120,s,NA,2015,bifarius
sra.67b.2015,4409531.961,-298381.5929,JM07,6/27/15,Ivesia sericoleuca,121,s,NA,2015,bifarius
sra.227.2015,4409270.114,-297914.9657,JM04,6/26/15,Phacelia hydrophylloides,122,s,NA,2015,bifarius
sra.237.2015,4409278.843,-297917.8085,JM04,6/26/15,Phacelia hydrophylloides,123,123,NA,2015,bifarius
sra.254.2015,4409310.004,-298642.9459,JM10,6/27/15,Ivesia sericoleuca,123,123,NA,2015,bifarius
sra.233.2015,4409290.138,-297928.0557,JM04,6/26/15,Phacelia hydrophylloides,124,s,NA,2015,bifarius
sra.265.2015,4409556.385,-298390.4766,JM07,6/27/15,Ivesia sericoleuca,125,s,NA,2015,bifarius
sra.276.2015,4409568.782,-298441.6633,JM07,6/27/15,Symphyotrichum sp.,126,s,NA,2015,bifarius
sra.142.2015,4409320.704,-298346.2485,JM06,6/23/15,Ivesia sericoleuca,127,s,NA,2015,bifarius
sra.182.2015,4408909.939,-298349.7329,JM03,6/24/15,Symphyotrichum sp.,128,s,NA,2015,bifarius
sra.211.2015,4409277.095,-297929.1471,JM04,6/26/15,Phacelia hydrophylloides,129,s,NA,2015,bifarius
sra.129.2015,4409357.57,-298366.6553,JM06,6/23/15,Ivesia sericoleuca,130,s,NA,2015,bifarius
sra.175.2015,4408897.617,-298336.105,JM03,6/24/15,Symphyotrichum sp.,131,s,NA,2015,bifarius
sra.261.2015,4409575.944,-298389.3183,JM07,6/27/15,Ivesia sericoleuca,132,s,NA,2015,bifarius
sra.270.2015,4409528.21,-298398.5436,JM07,6/27/15,Ivesia sericoleuca,133,s,NA,2015,bifarius
sra.258.2015,4409305.096,-298629.2469,JM10,6/27/15,Ivesia sericoleuca,134,s,NA,2015,bifarius
sra.136.2015,4409308.177,-298363.1515,JM06,6/23/15,Ivesia sericoleuca,135,s,NA,2015,bifarius
sra.140.2015,4409341.696,-298368.6512,JM06,6/23/15,Ivesia sericoleuca,136,s,NA,2015,bifarius
sra.158.2015,4409110.049,-298301.5108,JM02,6/24/15,Symphyotrichum sp.,137,s,NA,2015,bifarius
sra.220.2015,4409309.594,-297915.055,JM04,6/26/15,Phacelia hydrophylloides,138,s,NA,2015,bifarius
sra.250.2015,4409310.242,-298646.3208,JM10,6/27/15,Ivesia sericoleuca,139,s,NA,2015,bifarius
sra.174.2015,4409101.634,-298286.5191,JM02,6/24/15,Symphyotrichum sp.,986,s,NA,2015,bifarius
sra.ind08bif.2015,4408641.141,-300245.0749,IN,7/6/15,NA,987,s,NA,2015,bifarius
sra.146.2015,4409313.375,-298355.8129,JM06,6/23/15,Ivesia sericoleuca,988,s,NA,2015,bifarius
sra.246.2015,4409332.733,-298651.7439,JM10,6/26/15,Ivesia sericoleuca,989,s,NA,2015,bifarius
sra.240.2015,4409313.12,-298644.8016,JM10,6/26/15,Ivesia sericoleuca,990,s,NA,2015,bifarius
sra.192.2015,4408895.512,-298303.8955,JM03,6/24/15,Arnica parryi,991,s,NA,2015,bifarius
sra.275.2015,4409591.533,-298442.004,JM07,6/27/15,Symphyotrichum sp.,992,s,NA,2015,bifarius
sra.271.2015,4409553.033,-298404.7709,JM07,6/27/15,Ivesia sericoleuca,993,s,NA,2015,bifarius
sra.ind16bif.2015,4408646.111,-300255.0199,IN,7/6/15,NA,994,s,NA,2015,bifarius
sra.268.2015,4409547.015,-298403.1292,JM07,6/27/15,Ivesia sericoleuca,995,s,NA,2015,bifarius
sra.249.2015,4409320.973,-298648.955,JM10,6/27/15,Ivesia sericoleuca,996,s,NA,2015,bifarius
sra.ind18bif.2015,4408656.661,-300256.9742,IN,7/6/15,NA,997,s,NA,2015,bifarius
sra.247.2015,4409324.363,-298646.9468,JM10,6/26/15,Ivesia sericoleuca,998,s,NA,2015,bifarius
sra.ind09bif.2015,4408642.261,-300272.0721,IN,7/6/15,NA,999,s,NA,2015,bifarius
sra.637.2018,4371785.594,734590.1129,mdw_north,7/2/18,Ivesia sericoleuca,1,s,NA,2018,bifarius
sra.621.2018,4372027.594,734821.5946,forest_north,7/2/18,Phacelia hydrophylloides,2,2,NA,2018,bifarius
sra.512.2018,4372034.088,734852.5729,forest_north,6/27/18,Phacelia hydrophylloides,2,2,NA,2018,bifarius
sra.628.2018,4371790.645,734577.1279,mdw_north,7/2/18,Ivesia sericoleuca,2,2,NA,2018,bifarius
sra.626.2018,4371830.372,734579.1979,mdw_north,7/2/18,Ivesia sericoleuca,3,s,NA,2018,bifarius
sra.631.2018,4371801.365,734575.2532,mdw_north,7/2/18,Ivesia sericoleuca,4,s,NA,2018,bifarius
sra.638.2018,4371784.059,734594.4654,mdw_north,7/2/18,Ivesia sericoleuca,5,s,NA,2018,bifarius
sra.611.2018,4372030.459,734861.1226,forest_north,7/2/18,Phacelia hydrophylloides,6,s,NA,2018,bifarius
sra.622.2018,4372028.636,734800.9806,forest_north,7/2/18,Monardella odoratissima,7,s,NA,2018,bifarius
sra.607.2018,4372043.648,734918.6809,forest_north,7/2/18,Monardella odoratissima,8,s,NA,2018,bifarius
sra.618.2018,4372041.849,734855.6963,forest_north,7/2/18,Phacelia hydrophylloides,9,s,NA,2018,bifarius
sra.668.2018,4371599.852,734631.3908,mdw_south,7/12/18,Ivesia sericoleuca,10,10,NA,2018,bifarius
sra.632.2018,4371821.428,734573.6985,mdw_north,7/2/18,Ivesia sericoleuca,10,10,NA,2018,bifarius
sra.636.2018,4371787.036,734586.366,mdw_north,7/2/18,Ivesia sericoleuca,11,s,NA,2018,bifarius
sra.620.2018,4372018.908,734839.2539,forest_north,7/2/18,Phacelia hydrophylloides,12,12,NA,2018,bifarius
sra.449.2018,4372049.283,734870.0251,forest_north,6/25/18,Phacelia hydrophylloides,12,12,NA,2018,bifarius
sra.586.2018,4371698.849,734627.7907,mdw_north,7/2/18,Ivesia sericoleuca,12,12,NA,2018,bifarius
sra.624.2018,4371827.024,734578.6964,mdw_north,7/2/18,Ivesia sericoleuca,12,12,NA,2018,bifarius
sra.639.2018,4371826.68,734578.3623,mdw_north,7/2/18,Ivesia sericoleuca,13,s,NA,2018,bifarius
sra.629.2018,4371808.781,734581.6601,mdw_north,7/2/18,Ivesia sericoleuca,14,s,NA,2018,bifarius
sra.490.2018,4372042.476,734854.3855,forest_north,6/25/18,Phacelia hydrophylloides,15,s,NA,2018,bifarius
sra.691.2018,4371450.383,734597.3319,mdw_south,7/12/18,Ivesia sericoleuca,16,16,NA,2018,bifarius
sra.627.2018,4371817.381,734575.8018,mdw_north,7/2/18,Ivesia sericoleuca,16,16,NA,2018,bifarius
sra.630.2018,4371802.376,734579.2703,mdw_north,7/2/18,Ivesia sericoleuca,17,s,NA,2018,bifarius
sra.444.2018,4371760.125,734611.2947,mdw_north,6/25/18,Penstemon rydbergii,18,s,NA,2018,bifarius
sra.634.2018,4371788.398,734594.6785,mdw_north,7/2/18,Ivesia sericoleuca,19,s,NA,2018,bifarius
sra.438.2018,4371653.5,734619.8624,mdw_south,6/25/18,Penstemon rydbergii,20,s,NA,2018,bifarius
sra.475.2018,4372044.029,734883.6189,forest_north,6/25/18,Monardella odoratissima,21,s,NA,2018,bifarius
sra.439.2018,4371652.602,734619.5451,mdw_south,6/25/18,Penstemon rydbergii,22,s,NA,2018,bifarius
sra.681.2018,4371608.04,735066.5845,forest_south,7/12/18,Monardella odoratissima,23,23,NA,2018,bifarius
sra.460.2018,4372065.324,734823.7237,forest_north,6/25/18,Monardella odoratissima,23,23,NA,2018,bifarius
sra.440.2018,4371635.84,734627.373,mdw_south,6/25/18,Penstemon rydbergii,24,s,NA,2018,bifarius
sra.489.2018,4372044.141,734854.335,forest_north,6/25/18,Phacelia hydrophylloides,25,s,NA,2018,bifarius
sra.455.2018,4372043.953,734895.764,forest_north,6/25/18,Monardella odoratissima,26,s,NA,2018,bifarius
sra.445.2018,4371811.113,734555.9254,mdw_north,6/25/18,Penstemon rydbergii,27,s,NA,2018,bifarius
sra.458.2018,4372087.617,734862.7487,forest_north,6/25/18,Monardella odoratissima,28,s,NA,2018,bifarius
sra.462.2018,4372070.48,734825.2037,forest_north,6/25/18,Phacelia hydrophylloides,29,s,NA,2018,bifarius
sra.480.2018,4372061.601,734873.1826,forest_north,6/25/18,Phacelia hydrophylloides,30,s,NA,2018,bifarius
sra.483.2018,4372094.052,734851.4444,forest_north,6/25/18,Monardella odoratissima,31,s,NA,2018,bifarius
sra.481.2018,4372062.822,734873.1456,forest_north,6/25/18,Phacelia hydrophylloides,32,s,NA,2018,bifarius
sra.446.2018,4371736.806,734593.3983,mdw_north,6/25/18,Penstemon rydbergii,33,s,NA,2018,bifarius
sra.450.2018,4372091.471,734846.9584,forest_north,6/25/18,Monardella odoratissima,34,s,NA,2018,bifarius
sra.484.2018,4372088.079,734837.6743,forest_north,6/25/18,Monardella odoratissima,35,s,NA,2018,bifarius
sra.470.2018,4371751.505,734583.48,mdw_north,6/25/18,Penstemon rydbergii,36,s,NA,2018,bifarius
sra.487.2018,4372042.574,734853.9519,forest_north,6/25/18,Phacelia hydrophylloides,37,s,NA,2018,bifarius
sra.665.2018,4371594.117,734654.8178,mdw_south,7/12/18,Ivesia sericoleuca,38,38,NA,2018,bifarius
sra.466.2018,4371637.978,734631.9589,mdw_south,6/25/18,Penstemon rydbergii,38,38,NA,2018,bifarius
sra.501.2018,4372092.162,734844.0955,forest_north,6/27/18,Monardella odoratissima,39,s,NA,2018,bifarius
sra.486.2018,4372049.472,734854.2596,forest_north,6/25/18,Phacelia hydrophylloides,40,s,NA,2018,bifarius
sra.469.2018,4371828.395,734568.9233,mdw_north,6/25/18,Ivesia sericoleuca,41,s,NA,2018,bifarius
sra.488.2018,4372041.839,734855.3521,forest_north,6/25/18,Phacelia hydrophylloides,42,s,NA,2018,bifarius
sra.478.2018,4372046.086,734889.1543,forest_north,6/25/18,Monardella odoratissima,43,s,NA,2018,bifarius
sra.510.2018,4372029.588,734858.0487,forest_north,6/27/18,Phacelia hydrophylloides,44,s,NA,2018,bifarius
sra.498.2018,4372085.589,734850.8397,forest_north,6/27/18,Monardella odoratissima,45,s,NA,2018,bifarius
sra.514.2018,4371698.958,734627.7012,mdw_north,6/27/18,Unknown yellow composite,46,s,NA,2018,bifarius
sra.492.2018,4372041.504,734880.9396,forest_north,6/25/18,Monardella odoratissima,47,s,NA,2018,bifarius
sra.477.2018,4372041.185,734852.0994,forest_north,6/25/18,Phacelia hydrophylloides,48,s,NA,2018,bifarius
sra.459.2018,4372090.414,734841.3927,forest_north,6/25/18,Monardella odoratissima,49,s,NA,2018,bifarius
sra.432.2018,4371756.747,734617.1672,mdw_north,6/25/18,Penstemon rydbergii,50,s,NA,2018,bifarius
sra.516.2018,4371702.78,734625.5186,mdw_north,6/27/18,Unknown yellow composite,51,s,NA,2018,bifarius
sra.503.2018,4372037.006,734820.5343,forest_north,6/27/18,Phacelia hydrophylloides,52,s,NA,2018,bifarius
sra.454.2018,4372037.411,734852.2138,forest_north,6/25/18,Phacelia hydrophylloides,53,s,NA,2018,bifarius
sra.442.2018,4371704.608,734652.8502,mdw_north,6/25/18,Penstemon rydbergii,54,s,NA,2018,bifarius
sra.451.2018,4372092.059,734844.357,forest_north,6/25/18,Monardella odoratissima,55,s,NA,2018,bifarius
sra.463.2018,4372037.251,734861.6056,forest_north,6/25/18,In Flight,56,s,NA,2018,bifarius
sra.641.2018,4371807.067,734583.7788,mdw_north,7/2/18,Ivesia sericoleuca,57,s,NA,2018,bifarius
sra.625.2018,4371833.369,734586.4275,mdw_north,7/2/18,Ivesia sericoleuca,58,s,NA,2018,bifarius
sra.610.2018,4372031.72,734858.7591,forest_north,7/2/18,Phacelia hydrophylloides,59,s,NA,2018,bifarius
sra.603.2018,4371845.594,734582.8709,mdw_north,7/2/18,Ivesia sericoleuca,60,s,NA,2018,bifarius
sra.600.2018,4371841.792,734556.3747,mdw_north,7/2/18,Ivesia sericoleuca,61,s,NA,2018,bifarius
sra.574.2018,4372040.491,734920.8434,forest_north,7/2/18,Monardella odoratissima,63,s,NA,2018,bifarius
sra.722.2018,4371580.398,735085.6812,forest_south,7/12/18,Monardella odoratissima,64,64,NA,2018,bifarius
sra.592.2018,4371828.258,734579.0897,mdw_north,7/2/18,Ivesia sericoleuca,64,64,NA,2018,bifarius
sra.577.2018,4372064.735,734881.2689,forest_north,7/2/18,Monardella odoratissima,65,s,NA,2018,bifarius
sra.613.2018,4372030.195,734859.7526,forest_north,7/2/18,Phacelia hydrophylloides,66,s,NA,2018,bifarius
sra.591.2018,4371829.49,734583.1001,mdw_north,7/2/18,Ivesia sericoleuca,68,s,NA,2018,bifarius
sra.605.2018,4371840.215,734577.6943,mdw_north,7/2/18,Ivesia sericoleuca,69,s,NA,2018,bifarius
sra.609.2018,4372038.768,734867.6741,forest_north,7/2/18,Phacelia hydrophylloides,70,s,NA,2018,bifarius
sra.724.2018,4371572.105,735065.0046,forest_south,7/12/18,Monardella odoratissima,72,72,NA,2018,bifarius
sra.583.2018,4372055.393,734858.9889,forest_north,7/2/18,Monardella odoratissima,72,72,NA,2018,bifarius
sra.552.2018,4373878.125,733482.0462,crk.x,7/1/18,Phacelia hydrophylloides,73,s,NA,2018,bifarius
sra.749.2018,4373827.018,733360.4676,crk.x,7/21/18,Monardella odoratissima,74,s,NA,2018,bifarius
sra.767.2018,4373833.035,733335.232,crk.x,7/21/18,Monardella odoratissima,75,s,NA,2018,bifarius
sra.757.2018,4373816.681,733330.8172,crk.x,7/21/18,Monardella odoratissima,76,76,NA,2018,bifarius
sra.760.2018,4373841.203,733359.2653,crk.x,7/21/18,Monardella odoratissima,76,76,NA,2018,bifarius
sra.759.2018,4373818.317,733329.8208,crk.x,7/21/18,Monardella odoratissima,77,s,NA,2018,bifarius
sra.647.2018,4368465.319,735521.7671,sh,7/11/18,Angelica capitellata,78,78,NA,2018,bifarius
sra.739.2018,4368529.718,735381.269,sh,7/20/18,Angelica capitellata,78,78,NA,2018,bifarius
sra.777.2018,4373838.254,734662.5345,north_east,7/26/18,Phacelia hydrophylloides,79,79,NA,2018,bifarius
sra.789.2018,4373864.866,734660.781,north_east,7/26/18,Phacelia hydrophylloides,79,79,NA,2018,bifarius
sra.787.2018,4373886.498,734655.9929,north_east,7/26/18,Monardella odoratissima,79,79,NA,2018,bifarius
sra.468.2018,4371801.119,734581.8059,mdw_north,6/25/18,Ivesia sericoleuca,80,s,NA,2018,bifarius
sra.734.2018,4368528.087,735389.762,sh,7/20/18,Angelica capitellata,81,s,NA,2018,bifarius
sra.753.2018,4373823.502,733358.0767,crk.x,7/21/18,Phacelia hydrophylloides,82,s,NA,2018,bifarius
sra.791.2018,4373842.918,734662.4793,north_east,7/26/18,Phacelia hydrophylloides,83,83,NA,2018,bifarius
sra.770.2018,4373868.237,734651.0359,north_east,7/21/18,Monardella odoratissima,83,83,NA,2018,bifarius
sra.774.2018,4373847.008,734665.4549,north_east,7/26/18,Monardella odoratissima,84,84,NA,2018,bifarius
sra.771.2018,4373870.401,734652.7784,north_east,7/21/18,Monardella odoratissima,84,84,NA,2018,bifarius
sra.740.2018,4368528.918,735380.5179,sh,7/20/18,Angelica capitellata,85,s,NA,2018,bifarius
sra.643.2018,4368467.795,735522.812,sh,7/11/18,Angelica capitellata,86,86,NA,2018,bifarius
sra.727.2018,4368483.208,735587.6527,sh,7/20/18,Angelica capitellata,86,86,NA,2018,bifarius
sra.728.2018,4368520.346,735412.9151,sh,7/20/18,Angelica capitellata,86,86,NA,2018,bifarius
sra.680.2018,4371542.509,735052.6391,forest_south,7/12/18,Monardella odoratissima,87,87,NA,2018,bifarius
sra.715.2018,4371615.467,735113.6412,forest_south,7/12/18,Monardella odoratissima,87,87,NA,2018,bifarius
sra.711.2018,4371606.137,735033.14,forest_south,7/12/18,Monardella odoratissima,88,88,NA,2018,bifarius
sra.682.2018,4371607.929,735066.5878,forest_south,7/12/18,Monardella odoratissima,88,88,NA,2018,bifarius
sra.656.2018,4371583.613,734645.49,mdw_south,7/12/18,Ivesia sericoleuca,89,s,NA,2018,bifarius
sra.465.2018,4371757.628,734609.5618,mdw_north,6/25/18,Penstemon rydbergii,90,s,NA,2018,bifarius
sra.447.2018,4372028.959,734851.9533,forest_north,6/25/18,Phacelia hydrophylloides,91,s,NA,2018,bifarius
sra.752.2018,4373825.175,733358.2846,crk.x,7/21/18,Monardella odoratissima,92,s,NA,2018,bifarius
sra.729.2018,4368523.356,735413.2546,sh,7/20/18,Angelica capitellata,93,s,NA,2018,bifarius
sra.731.2018,4368523.579,735402.3057,sh,7/20/18,Angelica capitellata,94,s,NA,2018,bifarius
sra.730.2018,4368524.924,735410.0191,sh,7/20/18,Angelica capitellata,95,s,NA,2018,bifarius
sra.745.2018,4368520.585,735373.1888,sh,7/20/18,Angelica capitellata,96,s,NA,2018,bifarius
sra.726.2018,4368483.208,735587.6527,sh,7/20/18,Angelica capitellata,97,s,NA,2018,bifarius
sra.697.2018,4371558.443,734665.5438,mdw_south,7/12/18,Ivesia sericoleuca,98,s,NA,2018,bifarius
sra.437.2018,4371661.09,734621.0105,mdw_south,6/25/18,Penstemon rydbergii,99,s,NA,2018,bifarius
sra.505.2018,4372037.48,734858.1539,forest_north,6/27/18,Phacelia hydrophylloides,100,s,NA,2018,bifarius
sra.735.2018,4368525.363,735387.8631,sh,7/20/18,Angelica capitellata,101,s,NA,2018,bifarius
sra.738.2018,4368528.359,735384.0673,sh,7/20/18,Angelica capitellata,102,s,NA,2018,bifarius
sra.758.2018,4373818.434,733329.9895,crk.x,7/21/18,Monardella odoratissima,103,s,NA,2018,bifarius
sra.733.2018,4368528.439,735390.3545,sh,7/20/18,Angelica capitellata,104,s,NA,2018,bifarius
sra.768.2018,4373835.091,733340.7663,crk.x,7/21/18,Monardella odoratissima,105,s,NA,2018,bifarius
sra.765.2018,4373825.478,733327.797,crk.x,7/21/18,Monardella odoratissima,106,106,NA,2018,bifarius
sra.764.2018,4373826.351,733327.2541,crk.x,7/21/18,Monardella odoratissima,106,106,NA,2018,bifarius
sra.666.2018,4371598.526,734646.3303,mdw_south,7/12/18,Ivesia sericoleuca,107,s,NA,2018,bifarius
sra.434.2018,4371745.598,734601.2276,mdw_north,6/25/18,Penstemon rydbergii,108,s,NA,2018,bifarius
sra.495.2018,4372037.715,734851.2573,forest_north,6/27/18,Phacelia hydrophylloides,109,109,NA,2018,bifarius
sra.655.2018,4371583.17,734649.2067,mdw_south,7/12/18,Ivesia sericoleuca,109,109,NA,2018,bifarius
sra.754.2018,4373823.473,733357.1305,crk.x,7/21/18,Monardella odoratissima,110,s,NA,2018,bifarius
sra.751.2018,4373824.604,733357.7852,crk.x,7/21/18,Monardella odoratissima,111,s,NA,2018,bifarius
sra.648.2018,4368518.23,735409.1022,sh,7/11/18,Angelica capitellata,112,112,NA,2018,bifarius
sra.732.2018,4368524.197,735404.3547,sh,7/20/18,Angelica capitellata,112,112,NA,2018,bifarius
sra.746.2018,4368518.426,735371.6173,sh,7/20/18,Angelica capitellata,113,113,NA,2018,bifarius
sra.736.2018,4368525.363,735387.8631,sh,7/20/18,Angelica capitellata,113,113,NA,2018,bifarius
sra.743.2018,4368532.452,735365.1606,sh,7/20/18,Angelica capitellata,114,s,NA,2018,bifarius
sra.750.2018,4373826.393,733358.1618,crk.x,7/21/18,Monardella odoratissima,115,s,NA,2018,bifarius
sra.780.2018,4373852.837,734656.1518,north_east,7/26/18,Phacelia hydrophylloides,116,s,NA,2018,bifarius
sra.702.2018,4371557.368,734659.3754,mdw_south,7/12/18,Ivesia sericoleuca,117,s,NA,2018,bifarius
sra.675.2018,4371586.375,735081.2798,forest_south,7/12/18,Monardella odoratissima,118,s,NA,2018,bifarius
sra.748.2018,4373846.27,733390.9686,crk.x,7/21/18,Monardella odoratissima,119,s,NA,2018,bifarius
sra.756.2018,4373822.49,733357.6767,crk.x,7/21/18,Monardella odoratissima,120,s,NA,2018,bifarius
sra.651.2018,4368312.091,735711.5792,sh,7/11/18,Angelica capitellata,121,121,NA,2018,bifarius
sra.744.2018,4368520.965,735367.4046,sh,7/20/18,Angelica capitellata,121,121,NA,2018,bifarius
sra.781.2018,4373835.733,734660.0279,north_east,7/26/18,Phacelia hydrophylloides,122,122,NA,2018,bifarius
sra.794.2018,4373849.011,734654.5458,north_east,7/26/18,Monardella odoratissima,122,122,NA,2018,bifarius
sra.654.2018,4371570.747,734657.2479,mdw_south,7/12/18,Ivesia sericoleuca,123,s,NA,2018,bifarius
sra.467.2018,4371732.892,734610.9135,mdw_north,6/25/18,Penstemon rydbergii,124,s,NA,2018,bifarius
sra.762.2018,4373840.893,733352.6451,crk.x,7/21/18,Monardella odoratissima,125,s,NA,2018,bifarius
sra.747.2018,4368521.94,735381.2466,sh,7/20/18,Angelica capitellata,126,s,NA,2018,bifarius
sra.755.2018,4373823.251,733357.1372,crk.x,7/21/18,Monardella odoratissima,127,s,NA,2018,bifarius
sra.793.2018,4373853.767,734657.5012,north_east,7/26/18,Phacelia hydrophylloides,128,128,NA,2018,bifarius
sra.786.2018,4373865.025,734666.0282,north_east,7/26/18,Monardella odoratissima,128,128,NA,2018,bifarius
sra.772.2018,4373864.729,734652.6058,north_east,7/21/18,Monardella odoratissima,128,128,NA,2018,bifarius
sra.773.2018,4373868.572,734658.4302,north_east,7/26/18,Monardella odoratissima,128,128,NA,2018,bifarius
sra.696.2018,4371577.784,734654.7956,mdw_south,7/12/18,Ivesia sericoleuca,129,s,NA,2018,bifarius
sra.671.2018,4371612.245,735066.0263,forest_south,7/12/18,Monardella odoratissima,130,s,NA,2018,bifarius
sra.657.2018,4371582.328,734639.7586,mdw_south,7/12/18,Ivesia sericoleuca,131,s,NA,2018,bifarius
sra.742.2018,4368540.919,735365.9376,sh,7/20/18,Angelica capitellata,132,s,NA,2018,bifarius
sra.766.2018,4373812.77,733355.9033,crk.x,7/21/18,Monardella odoratissima,133,s,NA,2018,bifarius
sra.761.2018,4373841.856,733355.1129,crk.x,7/21/18,Monardella odoratissima,134,s,NA,2018,bifarius
sra.769.2018,4373836.978,733340.7095,crk.x,7/21/18,Monardella odoratissima,135,s,NA,2018,bifarius
sra.741.2018,4368533.173,735374.2715,sh,7/20/18,Angelica capitellata,136,s,NA,2018,bifarius
sra.737.2018,4368528.625,735385.524,sh,7/20/18,Angelica capitellata,137,s,NA,2018,bifarius
sra.701.2018,4371560.146,734663.0808,mdw_south,7/12/18,Ivesia sericoleuca,138,s,NA,2018,bifarius
sra.704.2018,4371592.652,734632.1255,mdw_south,7/12/18,Ivesia sericoleuca,139,s,NA,2018,bifarius
sra.472.2018,4372043.282,734855.3084,forest_north,6/25/18,Phacelia hydrophylloides,140,s,NA,2018,bifarius
sra.560.2018,4373858.624,733446.9899,crk.x,7/1/18,Phacelia hydrophylloides,141,s,NA,2018,bifarius
sra.646.2018,4368462.528,735521.3348,sh,7/11/18,Angelica capitellata,142,s,NA,2018,bifarius
sra.568.2018,4373855.796,733474.7984,crk.x,7/1/18,Phacelia hydrophylloides,143,s,NA,2018,bifarius
sra.644.2018,4368465.64,735517.7078,sh,7/11/18,Angelica capitellata,144,s,NA,2018,bifarius
sra.784.2018,4373835.231,734665.4674,north_east,7/26/18,Phacelia hydrophylloides,145,145,NA,2018,bifarius
sra.776.2018,4373839.371,734662.759,north_east,7/26/18,Phacelia hydrophylloides,145,145,NA,2018,bifarius
sra.713.2018,4371591.385,735085.2618,forest_south,7/12/18,Monardella odoratissima,146,s,NA,2018,bifarius
sra.670.2018,4371607.879,735064.953,forest_south,7/12/18,Monardella odoratissima,147,s,NA,2018,bifarius
sra.650.2018,4368523.984,735393.6775,sh,7/11/18,Angelica capitellata,148,s,NA,2018,bifarius
sra.562.2018,4373841.754,733429.1597,crk.x,7/1/18,Phacelia hydrophylloides,149,s,NA,2018,bifarius
sra.723.2018,4371574.808,735080.8556,forest_south,7/12/18,Monardella odoratissima,150,s,NA,2018,bifarius
sra.694.2018,4371572.708,734652.2794,mdw_south,7/12/18,Ivesia sericoleuca,151,s,NA,2018,bifarius
sra.692.2018,4371476.819,734622.7997,mdw_south,7/12/18,Ivesia sericoleuca,152,s,NA,2018,bifarius
sra.679.2018,4371541.584,735051.4614,forest_south,7/12/18,Monardella odoratissima,153,s,NA,2018,bifarius
sra.658.2018,4371578.612,734652.7897,mdw_south,7/12/18,Ivesia sericoleuca,154,s,NA,2018,bifarius
sra.554.2018,4373853.737,733458.0716,crk.x,7/1/18,Phacelia hydrophylloides,155,s,NA,2018,bifarius
sra.557.2018,4373835.432,733429.5224,crk.x,7/1/18,Phacelia hydrophylloides,156,s,NA,2018,bifarius
sra.559.2018,4373858.645,733462.4007,crk.x,7/1/18,Phacelia hydrophylloides,157,s,NA,2018,bifarius
sra.551.2018,4373870.845,733498.538,crk.x,7/1/18,Phacelia hydrophylloides,158,s,NA,2018,bifarius
sra.710.2018,4371615.051,735033.9892,forest_south,7/12/18,Monardella odoratissima,159,s,NA,2018,bifarius
sra.707.2018,4371600.343,735069.2294,forest_south,7/12/18,Monardella odoratissima,160,s,NA,2018,bifarius
sra.690.2018,4371452.686,734607.3388,mdw_south,7/12/18,Ivesia sericoleuca,161,s,NA,2018,bifarius
sra.705.2018,4371592.52,734631.4405,mdw_south,7/12/18,Ivesia sericoleuca,162,s,NA,2018,bifarius
sra.558.2018,4373860.196,733462.2678,crk.x,7/1/18,Phacelia hydrophylloides,163,s,NA,2018,bifarius
sra.566.2018,4373834.4,733428.4343,crk.x,7/1/18,Phacelia hydrophylloides,164,164,NA,2018,bifarius
sra.555.2018,4373851.632,733469.3277,crk.x,7/1/18,Phacelia hydrophylloides,164,164,NA,2018,bifarius
sra.549.2018,4373871.067,733498.5314,crk.x,7/1/18,Phacelia hydrophylloides,165,s,NA,2018,bifarius
sra.563.2018,4373841.424,733429.2557,crk.x,7/1/18,Phacelia hydrophylloides,166,s,NA,2018,bifarius
sra.720.2018,4371584.773,735090.716,forest_south,7/12/18,Monardella odoratissima,167,s,NA,2018,bifarius
sra.698.2018,4371569.704,734655.8153,mdw_south,7/12/18,Ivesia sericoleuca,168,s,NA,2018,bifarius
sra.688.2018,4371588.518,735082.3344,forest_south,7/12/18,Monardella odoratissima,169,s,NA,2018,bifarius
sra.677.2018,4371584.935,735081.4097,forest_south,7/12/18,Monardella odoratissima,170,s,NA,2018,bifarius
sra.667.2018,4371600.232,734632.9295,mdw_south,7/12/18,Ivesia sericoleuca,171,s,NA,2018,bifarius
sra.649.2018,4368527.374,735388.2328,sh,7/11/18,Angelica capitellata,172,s,NA,2018,bifarius
sra.652.2018,4368323.77,735726.6472,sh,7/11/18,Angelica capitellata,173,s,NA,2018,bifarius
sra.564.2018,4373834.123,733408.2097,crk.x,7/1/18,Phacelia hydrophylloides,174,s,NA,2018,bifarius
sra.561.2018,4373841.063,733428.3196,crk.x,7/1/18,Phacelia hydrophylloides,175,s,NA,2018,bifarius
sra.792.2018,4373922.653,734551.1494,north_east,7/26/18,Monardella odoratissima,176,s,NA,2018,bifarius
sra.712.2018,4371606.126,735032.7958,forest_south,7/12/18,Monardella odoratissima,177,s,NA,2018,bifarius
sra.699.2018,4371570.254,734655.6264,mdw_south,7/12/18,Ivesia sericoleuca,178,s,NA,2018,bifarius
sra.673.2018,4371590.984,735083.0348,forest_south,7/12/18,Monardella odoratissima,179,s,NA,2018,bifarius
sra.659.2018,4371569.1,734665.2211,mdw_south,7/12/18,Ivesia sericoleuca,180,s,NA,2018,bifarius
sra.642.2018,4368467.491,735531.0925,sh,7/11/18,Angelica capitellata,181,s,NA,2018,bifarius
sra.714.2018,4371595.542,735094.0927,forest_south,7/12/18,Monardella odoratissima,182,s,NA,2018,bifarius
sra.695.2018,4371576.989,734657.9201,mdw_south,7/12/18,Ivesia sericoleuca,183,s,NA,2018,bifarius
sra.674.2018,4371582.805,735080.7853,forest_south,7/12/18,Monardella odoratissima,184,s,NA,2018,bifarius
sra.687.2018,4371587.829,735081.5802,forest_south,7/12/18,Monardella odoratissima,185,s,NA,2018,bifarius
sra.653.2018,4371570.141,734659.2471,mdw_south,7/12/18,Ivesia sericoleuca,186,s,NA,2018,bifarius
sra.645.2018,4368464.597,735516.2748,sh,7/11/18,Angelica capitellata,187,s,NA,2018,bifarius
sra.788.2018,4373866.997,734657.7891,north_east,7/26/18,Phacelia hydrophylloides,188,s,NA,2018,bifarius
sra.716.2018,4371614.327,735116.3457,forest_south,7/12/18,Monardella odoratissima,189,s,NA,2018,bifarius
sra.708.2018,4371604.829,735066.9402,forest_south,7/12/18,Monardella odoratissima,190,s,NA,2018,bifarius
sra.700.2018,4371578.272,734656.2449,mdw_south,7/12/18,Ivesia sericoleuca,191,191,NA,2018,bifarius
sra.703.2018,4371587.721,734630.7245,mdw_south,7/12/18,Ivesia sericoleuca,191,191,NA,2018,bifarius
sra.686.2018,4371588.3,735078.81,forest_south,7/12/18,Monardella odoratissima,192,s,NA,2018,bifarius
sra.684.2018,4371613.692,735069.7719,forest_south,7/12/18,Monardella odoratissima,193,s,NA,2018,bifarius
sra.663.2018,4371580.575,734658.9311,mdw_south,7/12/18,Ivesia sericoleuca,194,s,NA,2018,bifarius
sra.567.2018,4373852.676,733459.7394,crk.x,7/1/18,Phacelia hydrophylloides,195,s,NA,2018,bifarius
sra.553.2018,4373871.095,733462.628,crk.x,7/1/18,Phacelia hydrophylloides,196,s,NA,2018,bifarius
sra.550.2018,4373870.845,733498.538,crk.x,7/1/18,Phacelia hydrophylloides,197,s,NA,2018,bifarius
sra.799.2018,4373845.217,734664.9926,north_east,7/26/18,Phacelia hydrophylloides,198,s,NA,2018,bifarius
sra.775.2018,4373841.023,734662.2784,north_east,7/26/18,Phacelia hydrophylloides,199,s,NA,2018,bifarius
sra.717.2018,4371614.815,735117.7949,forest_south,7/12/18,Monardella odoratissima,200,s,NA,2018,bifarius
sra.719.2018,4371572.682,735109.6856,forest_south,7/12/18,Monardella odoratissima,201,s,NA,2018,bifarius
sra.683.2018,4371611.866,735068.1909,forest_south,7/12/18,Monardella odoratissima,202,s,NA,2018,bifarius
sra.660.2018,4371575.023,734659.0131,mdw_south,7/12/18,Ivesia sericoleuca,203,s,NA,2018,bifarius
sra.685.2018,4371621.038,735066.5347,forest_south,7/12/18,Monardella odoratissima,204,s,NA,2018,bifarius
sra.515.2018,4371716.097,734621.326,mdw_north,6/27/18,Ivesia sericoleuca,994,s,NA,2018,bifarius
sra.571.2018,4372048.007,734849.9119,forest_north,7/2/18,Phacelia hydrophylloides,995,s,NA,2018,bifarius
sra.580.2018,4372094.582,734828.607,forest_north,7/2/18,Monardella odoratissima,996,s,NA,2018,bifarius
sra.597.2018,4371834.75,734576.9985,mdw_north,7/2/18,Ivesia sericoleuca,997,s,NA,2018,bifarius
sra.436.2018,4371738.41,734624.3537,mdw_north,6/25/18,Penstemon rydbergii,998,s,NA,2018,bifarius
sra.601.2018,4371843.597,734557.2674,mdw_north,7/2/18,Ivesia sericoleuca,999,s,NA,2018,bifarius